mtfs-sentinel-dataset-v1,feature_schema_version,size,target,transport,timestamp_us,interval_us,media_generation,validity,flags,samples,label,marker,build_type,command,scenario_origin,stage,severity,injection_kind,injection_operation_mask,injection_rate_permille,requested_delay_us,actual_injection_count,random_seed,sequence,read_calls,read_sectors,read_ok,read_fail,read_timing,read_invalid,read_total_us,read_avg_us,write_calls,write_sectors,write_ok,write_fail,write_timing,write_invalid,write_total_us,write_avg_us,sync_calls,sync_sectors,sync_ok,sync_fail,sync_timing,sync_invalid,sync_total_us,sync_avg_us,io_error,not_ready,no_media,timeout,insert,remove,media_error,transport_validity,transport_flags,transport_reset_epoch,transport_errors,transfer_timeouts,ready_timeouts,aborts,clock_errors,histogram_r_w_s
mtfs-sentinel-dataset-v1,1,952,1380005968,1397770528,1460004,1213278,1,511,0,1,normal,1,Release,record,natural,natural,0,none,0,0,0,0,0,1,9,16,9,0,9,0,29259,3251,10,17,10,0,10,0,99252,9925,2,0,2,0,2,0,2,1,0,0,0,0,0,0,0,23,1,0,0,0,0,0,0,0:0:0:0:0:0:0:0:0:0:0:8:0:0:1:0:0:0:0:0:0:0:0:0:0:0:0:0:0:0:0:0:0:0:0:8:1:0:1:0:0:0:0:0:2:0:0:0:0:0:0:0:0:0:0:0:0:0:0:0:0:0:0:0:0:0
mtfs-sentinel-dataset-v1,1,952,1380005968,1397770528,2620004,1160000,1,511,0,1,normal,2,Release,record,natural,natural,0,none,0,0,0,0,0,2,9,16,9,0,9,0,29144,3238,10,17,10,0,10,0,93530,9353,2,0,2,0,2,0,2,1,0,0,0,0,0,0,0,23,1,0,0,0,0,0,0,0:0:0:0:0:0:0:0:0:0:0:8:0:0:1:0:0:0:0:0:0:0:0:0:0:0:0:0:0:0:0:0:0:0:0:9:0:0:1:0:0:0:0:0:2:0:0:0:0:0:0:0:0:0:0:0:0:0:0:0:0:0:0:0:0:0
mtfs-sentinel-dataset-v1,1,952,1380005968,1397770528,3790004,1170000,1,511,0,1,normal,3,Release,record,natural,natural,0,none,0,0,0,0,0,3,9,16,9,0,9,0,29267,3251,10,17,10,0,10,0,95760,9576,2,0,2,0,2,0,1,0,0,0,0,0,0,0,0,23,1,0,0,0,0,0,0,0:0:0:0:0:0:0:0:0:0:0:8:0:0:1:0:0:0:0:0:0:0:0:0:0:0:0:0:0:0:0:0:0:0:0:9:0:0:1:0:0:0:0:0:2:0:0:0:0:0:0:0:0:0:0:0:0:0:0:0:0:0:0:0:0:0
mtfs-sentinel-dataset-v1,1,952,1380005968,1397770528,4950004,1160000,1,511,0,1,normal,4,Release,record,natural,natural,0,none,0,0,0,0,0,4,9,16,9,0,9,0,29310,3256,10,17,10,0,10,0,91055,9105,2,0,2,0,2,0,2,1,0,0,0,0,0,0,0,23,1,0,0,0,0,0,0,0:0:0:0:0:0:0:0:0:0:0:8:0:0:1:0:0:0:0:0:0:0:0:0:0:0:0:0:0:0:0:0:0:0:0:9:0:0:1:0:0:0:0:0:2:0:0:0:0:0:0:0:0:0:0:0:0:0:0:0:0:0:0:0:0:0
mtfs-sentinel-dataset-v1,1,952,1380005968,1397770528,6110004,1160000,1,511,0,1,normal,5,Release,record,natural,natural,0,none,0,0,0,0,0,5,9,16,9,0,9,0,29240,3248,10,17,10,0,10,0,92803,9280,2,0,2,0,2,0,2,1,0,0,0,0,0,0,0,23,1,0,0,0,0,0,0,0:0:0:0:0:0:0:0:0:0:0:8:0:0:1:0:0:0:0:0:0:0:0:0:0:0:0:0:0:0:0:0:0:0:0:9:0:0:1:0:0:0:0:0:2:0:0:0:0:0:0:0:0:0:0:0:0:0:0:0:0:0:0:0:0:0
mtfs-sentinel-dataset-v1,1,952,1380005968,1397770528,7270004,1160000,1,511,0,1,normal,6,Release,record,natural,natural,0,none,0,0,0,0,0,6,9,16,9,0,9,0,29121,3235,10,17,10,0,10,0,92973,9297,2,0,2,0,2,0,1,0,0,0,0,0,0,0,0,23,1,0,0,0,0,0,0,0:0:0:0:0:0:0:0:0:0:0:8:0:0:1:0:0:0:0:0:0:0:0:0:0:0:0:0:0:0:0:0:0:0:0:9:0:0:1:0:0:0:0:0:2:0:0:0:0:0:0:0:0:0:0:0:0:0:0:0:0:0:0:0:0:0
mtfs-sentinel-dataset-v1,1,952,1380005968,1397770528,8430004,1160000,1,511,0,1,normal,7,Release,record,natural,natural,0,none,0,0,0,0,0,7,9,16,9,0,9,0,28832,3203,10,17,10,0,10,0,92687,9268,2,0,2,0,2,0,0,0,0,0,0,0,0,0,0,23,1,0,0,0,0,0,0,0:0:0:0:0:0:0:0:0:0:0:8:0:0:1:0:0:0:0:0:0:0:0:0:0:0:0:0:0:0:0:0:0:0:0:9:0:0:1:0:0:0:0:0:2:0:0:0:0:0:0:0:0:0:0:0:0:0:0:0:0:0:0:0:0:0
mtfs-sentinel-dataset-v1,1,952,1380005968,1397770528,9590004,1160000,1,511,0,1,normal,8,Release,record,natural,natural,0,none,0,0,0,0,0,8,9,16,9,0,9,0,29347,3260,10,17,10,0,10,0,92263,9226,2,0,2,0,2,0,2,1,0,0,0,0,0,0,0,23,1,0,0,0,0,0,0,0:0:0:0:0:0:0:0:0:0:0:8:0:0:1:0:0:0:0:0:0:0:0:0:0:0:0:0:0:0:0:0:0:0:0:9:0:0:1:0:0:0:0:0:2:0:0:0:0:0:0:0:0:0:0:0:0:0:0:0:0:0:0:0:0:0
mtfs-sentinel-dataset-v1,1,952,1380005968,1397770528,10750004,1160000,1,511,0,1,normal,9,Release,record,natural,natural,0,none,0,0,0,0,0,9,9,16,9,0,9,0,29218,3246,10,17,10,0,10,0,93547,9354,2,0,2,0,2,0,2,1,0,0,0,0,0,0,0,23,1,0,0,0,0,0,0,0:0:0:0:0:0:0:0:0:0:0:8:0:0:1:0:0:0:0:0:0:0:0:0:0:0:0:0:0:0:0:0:0:0:0:9:0:0:1:0:0:0:0:0:2:0:0:0:0:0:0:0:0:0:0:0:0:0:0:0:0:0:0:0:0:0
mtfs-sentinel-dataset-v1,1,952,1380005968,1397770528,11910004,1160000,1,511,0,1,normal,10,Release,record,natural,natural,0,none,0,0,0,0,0,10,9,16,9,0,9,0,29385,3265,10,17,10,0,10,0,93650,9365,2,0,2,0,2,0,2,1,0,0,0,0,0,0,0,23,1,0,0,0,0,0,0,0:0:0:0:0:0:0:0:0:0:0:8:0:0:1:0:0:0:0:0:0:0:0:0:0:0:0:0:0:0:0:0:0:0:0:9:0:0:1:0:0:0:0:0:2:0:0:0:0:0:0:0:0:0:0:0:0:0:0:0:0:0:0:0:0:0
mtfs-sentinel-dataset-v1,1,952,1380005968,1397770528,13080004,1170000,1,511,0,1,normal,11,Release,record,natural,natural,0,none,0,0,0,0,0,11,9,16,9,0,9,0,29330,3258,10,17,10,0,10,0,96608,9660,2,0,2,0,2,0,2,1,0,0,0,0,0,0,0,23,1,0,0,0,0,0,0,0:0:0:0:0:0:0:0:0:0:0:8:0:0:1:0:0:0:0:0:0:0:0:0:0:0:0:0:0:0:0:0:0:0:0:9:0:0:1:0:0:0:0:0:2:0:0:0:0:0:0:0:0:0:0:0:0:0:0:0:0:0:0:0:0:0
mtfs-sentinel-dataset-v1,1,952,1380005968,1397770528,14240004,1160000,1,511,0,1,normal,12,Release,record,natural,natural,0,none,0,0,0,0,0,12,9,16,9,0,9,0,29318,3257,10,17,10,0,10,0,92436,9243,2,0,2,0,2,0,2,1,0,0,0,0,0,0,0,23,1,0,0,0,0,0,0,0:0:0:0:0:0:0:0:0:0:0:8:0:0:1:0:0:0:0:0:0:0:0:0:0:0:0:0:0:0:0:0:0:0:0:9:0:0:1:0:0:0:0:0:2:0:0:0:0:0:0:0:0:0:0:0:0:0:0:0:0:0:0:0:0:0
mtfs-sentinel-dataset-v1,1,952,1380005968,1397770528,15400004,1160000,1,511,0,1,normal,13,Release,record,natural,natural,0,none,0,0,0,0,0,13,9,16,9,0,9,0,29225,3247,10,17,10,0,10,0,93980,9398,2,0,2,0,2,0,2,1,0,0,0,0,0,0,0,23,1,0,0,0,0,0,0,0:0:0:0:0:0:0:0:0:0:0:8:0:0:1:0:0:0:0:0:0:0:0:0:0:0:0:0:0:0:0:0:0:0:0:9:0:0:1:0:0:0:0:0:2:0:0:0:0:0:0:0:0:0:0:0:0:0:0:0:0:0:0:0:0:0
mtfs-sentinel-dataset-v1,1,952,1380005968,1397770528,16560004,1160000,1,511,0,1,normal,14,Release,record,natural,natural,0,none,0,0,0,0,0,14,9,16,9,0,9,0,29398,3266,10,17,10,0,10,0,93590,9359,2,0,2,0,2,0,2,1,0,0,0,0,0,0,0,23,1,0,0,0,0,0,0,0:0:0:0:0:0:0:0:0:0:0:8:0:0:1:0:0:0:0:0:0:0:0:0:0:0:0:0:0:0:0:0:0:0:0:9:0:0:1:0:0:0:0:0:2:0:0:0:0:0:0:0:0:0:0:0:0:0:0:0:0:0:0:0:0:0
mtfs-sentinel-dataset-v1,1,952,1380005968,1397770528,17730004,1170000,1,511,0,1,normal,15,Release,record,natural,natural,0,none,0,0,0,0,0,15,9,16,9,0,9,0,29165,3240,10,17,10,0,10,0,96115,9611,2,0,2,0,2,0,1,0,0,0,0,0,0,0,0,23,1,0,0,0,0,0,0,0:0:0:0:0:0:0:0:0:0:0:8:0:0:1:0:0:0:0:0:0:0:0:0:0:0:0:0:0:0:0:0:0:0:0:9:0:0:1:0:0:0:0:0:2:0:0:0:0:0:0:0:0:0:0:0:0:0:0:0:0:0:0:0:0:0
mtfs-sentinel-dataset-v1,1,952,1380005968,1397770528,18900004,1170000,1,511,0,1,normal,16,Release,record,natural,natural,0,none,0,0,0,0,0,16,9,16,9,0,9,0,29261,3251,10,17,10,0,10,0,97835,9783,2,0,2,0,2,0,2,1,0,0,0,0,0,0,0,23,1,0,0,0,0,0,0,0:0:0:0:0:0:0:0:0:0:0:8:0:0:1:0:0:0:0:0:0:0:0:0:0:0:0:0:0:0:0:0:0:0:0:8:1:0:1:0:0:0:0:0:2:0:0:0:0:0:0:0:0:0:0:0:0:0:0:0:0:0:0:0:0:0
mtfs-sentinel-dataset-v1,1,952,1380005968,1397770528,20060004,1160000,1,511,0,1,normal,17,Release,record,natural,natural,0,none,0,0,0,0,0,17,9,16,9,0,9,0,29262,3251,10,17,10,0,10,0,93411,9341,2,0,2,0,2,0,2,1,0,0,0,0,0,0,0,23,1,0,0,0,0,0,0,0:0:0:0:0:0:0:0:0:0:0:8:0:0:1:0:0:0:0:0:0:0:0:0:0:0:0:0:0:0:0:0:0:0:0:9:0:0:1:0:0:0:0:0:2:0:0:0:0:0:0:0:0:0:0:0:0:0:0:0:0:0:0:0:0:0
mtfs-sentinel-dataset-v1,1,952,1380005968,1397770528,21220004,1160000,1,511,0,1,normal,18,Release,record,natural,natural,0,none,0,0,0,0,0,18,9,16,9,0,9,0,29312,3256,10,17,10,0,10,0,93197,9319,2,0,2,0,2,0,2,1,0,0,0,0,0,0,0,23,1,0,0,0,0,0,0,0:0:0:0:0:0:0:0:0:0:0:8:0:0:1:0:0:0:0:0:0:0:0:0:0:0:0:0:0:0:0:0:0:0:0:9:0:0:1:0:0:0:0:0:2:0:0:0:0:0:0:0:0:0:0:0:0:0:0:0:0:0:0:0:0:0
mtfs-sentinel-dataset-v1,1,952,1380005968,1397770528,22390004,1170000,1,511,0,1,normal,19,Release,record,natural,natural,0,none,0,0,0,0,0,19,9,16,9,0,9,0,29248,3249,10,17,10,0,10,0,96260,9626,2,0,2,0,2,0,2,1,0,0,0,0,0,0,0,23,1,0,0,0,0,0,0,0:0:0:0:0:0:0:0:0:0:0:8:0:0:1:0:0:0:0:0:0:0:0:0:0:0:0:0:0:0:0:0:0:0:0:9:0:0:1:0:0:0:0:0:2:0:0:0:0:0:0:0:0:0:0:0:0:0:0:0:0:0:0:0:0:0
mtfs-sentinel-dataset-v1,1,952,1380005968,1397770528,23550004,1160000,1,511,0,1,normal,20,Release,record,natural,natural,0,none,0,0,0,0,0,20,9,16,9,0,9,0,29351,3261,10,17,10,0,10,0,91404,9140,2,0,2,0,2,0,2,1,0,0,0,0,0,0,0,23,1,0,0,0,0,0,0,0:0:0:0:0:0:0:0:0:0:0:8:0:0:1:0:0:0:0:0:0:0:0:0:0:0:0:0:0:0:0:0:0:0:0:9:0:0:1:0:0:0:0:0:2:0:0:0:0:0:0:0:0:0:0:0:0:0:0:0:0:0:0:0:0:0
mtfs-sentinel-dataset-v1,1,952,1380005968,1397770528,24710004,1160000,1,511,0,1,normal,21,Release,record,natural,natural,0,none,0,0,0,0,0,21,9,16,9,0,9,0,29237,3248,10,17,10,0,10,0,93224,9322,2,0,2,0,2,0,2,1,0,0,0,0,0,0,0,23,1,0,0,0,0,0,0,0:0:0:0:0:0:0:0:0:0:0:8:0:0:1:0:0:0:0:0:0:0:0:0:0:0:0:0:0:0:0:0:0:0:0:9:0:0:1:0:0:0:0:0:2:0:0:0:0:0:0:0:0:0:0:0:0:0:0:0:0:0:0:0:0:0
mtfs-sentinel-dataset-v1,1,952,1380005968,1397770528,25870004,1160000,1,511,0,1,normal,22,Release,record,natural,natural,0,none,0,0,0,0,0,22,9,16,9,0,9,0,29191,3243,10,17,10,0,10,0,93344,9334,2,0,2,0,2,0,2,1,0,0,0,0,0,0,0,23,1,0,0,0,0,0,0,0:0:0:0:0:0:0:0:0:0:0:8:0:0:1:0:0:0:0:0:0:0:0:0:0:0:0:0:0:0:0:0:0:0:0:9:0:0:1:0:0:0:0:0:2:0:0:0:0:0:0:0:0:0:0:0:0:0:0:0:0:0:0:0:0:0
mtfs-sentinel-dataset-v1,1,952,1380005968,1397770528,27040004,1170000,1,511,0,1,normal,23,Release,record,natural,natural,0,none,0,0,0,0,0,23,9,16,9,0,9,0,29192,3243,10,17,10,0,10,0,96513,9651,2,0,2,0,2,0,2,1,0,0,0,0,0,0,0,23,1,0,0,0,0,0,0,0:0:0:0:0:0:0:0:0:0:0:8:0:0:1:0:0:0:0:0:0:0:0:0:0:0:0:0:0:0:0:0:0:0:0:9:0:0:1:0:0:0:0:0:2:0:0:0:0:0:0:0:0:0:0:0:0:0:0:0:0:0:0:0:0:0
mtfs-sentinel-dataset-v1,1,952,1380005968,1397770528,28200004,1160000,1,511,0,1,normal,24,Release,record,natural,natural,0,none,0,0,0,0,0,24,9,16,9,0,9,0,29361,3262,10,17,10,0,10,0,91694,9169,2,0,2,0,2,0,2,1,0,0,0,0,0,0,0,23,1,0,0,0,0,0,0,0:0:0:0:0:0:0:0:0:0:0:8:0:0:1:0:0:0:0:0:0:0:0:0:0:0:0:0:0:0:0:0:0:0:0:9:0:0:1:0:0:0:0:0:2:0:0:0:0:0:0:0:0:0:0:0:0:0:0:0:0:0:0:0:0:0
mtfs-sentinel-dataset-v1,1,952,1380005968,1397770528,29360004,1160000,1,511,0,1,normal,25,Release,record,natural,natural,0,none,0,0,0,0,0,25,9,16,9,0,9,0,29247,3249,10,17,10,0,10,0,93565,9356,2,0,2,0,2,0,2,1,0,0,0,0,0,0,0,23,1,0,0,0,0,0,0,0:0:0:0:0:0:0:0:0:0:0:8:0:0:1:0:0:0:0:0:0:0:0:0:0:0:0:0:0:0:0:0:0:0:0:9:0:0:1:0:0:0:0:0:2:0:0:0:0:0:0:0:0:0:0:0:0:0:0:0:0:0:0:0:0:0
mtfs-sentinel-dataset-v1,1,952,1380005968,1397770528,30520004,1160000,1,511,0,1,normal,26,Release,record,natural,natural,0,none,0,0,0,0,0,26,9,16,9,0,9,0,29302,3255,10,17,10,0,10,0,93325,9332,2,0,2,0,2,0,2,1,0,0,0,0,0,0,0,23,1,0,0,0,0,0,0,0:0:0:0:0:0:0:0:0:0:0:8:0:0:1:0:0:0:0:0:0:0:0:0:0:0:0:0:0:0:0:0:0:0:0:9:0:0:1:0:0:0:0:0:2:0:0:0:0:0:0:0:0:0:0:0:0:0:0:0:0:0:0:0:0:0
mtfs-sentinel-dataset-v1,1,952,1380005968,1397770528,31690004,1170000,1,511,0,1,normal,27,Release,record,natural,natural,0,none,0,0,0,0,0,27,9,16,9,0,9,0,29237,3248,10,17,10,0,10,0,96333,9633,2,0,2,0,2,0,2,1,0,0,0,0,0,0,0,23,1,0,0,0,0,0,0,0:0:0:0:0:0:0:0:0:0:0:8:0:0:1:0:0:0:0:0:0:0:0:0:0:0:0:0:0:0:0:0:0:0:0:9:0:0:1:0:0:0:0:0:2:0:0:0:0:0:0:0:0:0:0:0:0:0:0:0:0:0:0:0:0:0
mtfs-sentinel-dataset-v1,1,952,1380005968,1397770528,32850004,1160000,1,511,0,1,normal,28,Release,record,natural,natural,0,none,0,0,0,0,0,28,9,16,9,0,9,0,29341,3260,10,17,10,0,10,0,91737,9173,2,0,2,0,2,0,1,0,0,0,0,0,0,0,0,23,1,0,0,0,0,0,0,0:0:0:0:0:0:0:0:0:0:0:8:0:0:1:0:0:0:0:0:0:0:0:0:0:0:0:0:0:0:0:0:0:0:0:9:0:0:1:0:0:0:0:0:2:0:0:0:0:0:0:0:0:0:0:0:0:0:0:0:0:0:0:0:0:0
mtfs-sentinel-dataset-v1,1,952,1380005968,1397770528,34010004,1160000,1,511,0,1,normal,29,Release,record,natural,natural,0,none,0,0,0,0,0,29,9,16,9,0,9,0,29220,3246,10,17,10,0,10,0,93151,9315,2,0,2,0,2,0,0,0,0,0,0,0,0,0,0,23,1,0,0,0,0,0,0,0:0:0:0:0:0:0:0:0:0:0:8:0:0:1:0:0:0:0:0:0:0:0:0:0:0:0:0:0:0:0:0:0:0:0:9:0:0:1:0:0:0:0:0:2:0:0:0:0:0:0:0:0:0:0:0:0:0:0:0:0:0:0:0:0:0
mtfs-sentinel-dataset-v1,1,952,1380005968,1397770528,35260004,1250000,1,511,0,1,normal,30,Release,record,natural,natural,0,none,0,0,0,0,0,30,9,16,9,0,9,0,29127,3236,10,17,10,0,10,0,184197,18419,2,0,2,0,2,0,2,1,0,0,0,0,0,0,0,23,1,0,0,0,0,0,0,0:0:0:0:0:0:0:0:0:0:0:8:0:0:1:0:0:0:0:0:0:0:0:0:0:0:0:0:0:0:0:0:0:0:0:7:0:0:3:0:0:0:0:0:2:0:0:0:0:0:0:0:0:0:0:0:0:0:0:0:0:0:0:0:0:0
mtfs-sentinel-dataset-v1,1,952,1380005968,1397770528,36940004,1680000,1,511,0,1,normal,31,Release,record,natural,natural,0,none,0,0,0,0,0,31,9,16,9,0,9,0,29144,3238,10,17,10,0,10,0,606067,60606,2,0,2,0,2,0,2,1,0,0,0,0,0,0,0,23,1,0,0,0,0,0,0,0:0:0:0:0:0:0:0:0:0:0:8:0:0:1:0:0:0:0:0:0:0:0:0:0:0:0:0:0:0:0:0:0:0:0:5:1:0:3:0:1:0:0:0:2:0:0:0:0:0:0:0:0:0:0:0:0:0:0:0:0:0:0:0:0:0
mtfs-sentinel-dataset-v1,1,952,1380005968,1397770528,38210004,1270000,1,511,0,1,normal,32,Release,record,natural,natural,0,none,0,0,0,0,0,32,9,16,9,0,9,0,29242,3249,10,17,10,0,10,0,198272,19827,2,0,2,0,2,0,2,1,0,0,0,0,0,0,0,23,1,0,0,0,0,0,0,0:0:0:0:0:0:0:0:0:0:0:8:0:0:1:0:0:0:0:0:0:0:0:0:0:0:0:0:0:0:0:0:0:0:0:8:0:0:1:1:0:0:0:0:2:0:0:0:0:0:0:0:0:0:0:0:0:0:0:0:0:0:0:0:0:0
mtfs-sentinel-dataset-v1,1,952,1380005968,1397770528,39370004,1160000,1,511,0,1,normal,33,Release,record,natural,natural,0,none,0,0,0,0,0,33,9,16,9,0,9,0,29239,3248,10,17,10,0,10,0,92950,9295,2,0,2,0,2,0,2,1,0,0,0,0,0,0,0,23,1,0,0,0,0,0,0,0:0:0:0:0:0:0:0:0:0:0:8:0:0:1:0:0:0:0:0:0:0:0:0:0:0:0:0:0:0:0:0:0:0:0:9:0:0:1:0:0:0:0:0:2:0:0:0:0:0:0:0:0:0:0:0:0:0:0:0:0:0:0:0:0:0
mtfs-sentinel-dataset-v1,1,952,1380005968,1397770528,40530004,1160000,1,511,0,1,normal,34,Release,record,natural,natural,0,none,0,0,0,0,0,34,9,16,9,0,9,0,29301,3255,10,17,10,0,10,0,91244,9124,2,0,2,0,2,0,2,1,0,0,0,0,0,0,0,23,1,0,0,0,0,0,0,0:0:0:0:0:0:0:0:0:0:0:8:0:0:1:0:0:0:0:0:0:0:0:0:0:0:0:0:0:0:0:0:0:0:0:9:0:0:1:0:0:0:0:0:2:0:0:0:0:0:0:0:0:0:0:0:0:0:0:0:0:0:0:0:0:0
mtfs-sentinel-dataset-v1,1,952,1380005968,1397770528,41700004,1170000,1,511,0,1,normal,35,Release,record,natural,natural,0,none,0,0,0,0,0,35,9,16,9,0,9,0,29243,3249,10,17,10,0,10,0,94640,9464,2,0,2,0,2,0,1,0,0,0,0,0,0,0,0,23,1,0,0,0,0,0,0,0:0:0:0:0:0:0:0:0:0:0:8:0:0:1:0:0:0:0:0:0:0:0:0:0:0:0:0:0:0:0:0:0:0:0:9:0:0:1:0:0:0:0:0:2:0:0:0:0:0:0:0:0:0:0:0:0:0:0:0:0:0:0:0:0:0
mtfs-sentinel-dataset-v1,1,952,1380005968,1397770528,42860004,1160000,1,511,0,1,normal,36,Release,record,natural,natural,0,none,0,0,0,0,0,36,9,16,9,0,9,0,29408,3267,10,17,10,0,10,0,90015,9001,2,0,2,0,2,0,1,0,0,0,0,0,0,0,0,23,1,0,0,0,0,0,0,0:0:0:0:0:0:0:0:0:0:0:8:0:0:1:0:0:0:0:0:0:0:0:0:0:0:0:0:0:0:0:0:0:0:0:9:0:0:1:0:0:0:0:0:2:0:0:0:0:0:0:0:0:0:0:0:0:0:0:0:0:0:0:0:0:0
mtfs-sentinel-dataset-v1,1,952,1380005968,1397770528,44020004,1160000,1,511,0,1,normal,37,Release,record,natural,natural,0,none,0,0,0,0,0,37,9,16,9,0,9,0,29288,3254,10,17,10,0,10,0,91907,9190,2,0,2,0,2,0,2,1,0,0,0,0,0,0,0,23,1,0,0,0,0,0,0,0:0:0:0:0:0:0:0:0:0:0:8:0:0:1:0:0:0:0:0:0:0:0:0:0:0:0:0:0:0:0:0:0:0:0:9:0:0:1:0:0:0:0:0:2:0:0:0:0:0:0:0:0:0:0:0:0:0:0:0:0:0:0:0:0:0
mtfs-sentinel-dataset-v1,1,952,1380005968,1397770528,45180004,1160000,1,511,0,1,normal,38,Release,record,natural,natural,0,none,0,0,0,0,0,38,9,16,9,0,9,0,29493,3277,10,17,10,0,10,0,91430,9143,2,0,2,0,2,0,2,1,0,0,0,0,0,0,0,23,1,0,0,0,0,0,0,0:0:0:0:0:0:0:0:0:0:0:8:0:0:1:0:0:0:0:0:0:0:0:0:0:0:0:0:0:0:0:0:0:0:0:9:0:0:1:0:0:0:0:0:2:0:0:0:0:0:0:0:0:0:0:0:0:0:0:0:0:0:0:0:0:0
mtfs-sentinel-dataset-v1,1,952,1380005968,1397770528,46350004,1170000,1,511,0,1,normal,39,Release,record,natural,natural,0,none,0,0,0,0,0,39,9,16,9,0,9,0,29239,3248,10,17,10,0,10,0,94379,9437,2,0,2,0,2,0,2,1,0,0,0,0,0,0,0,23,1,0,0,0,0,0,0,0:0:0:0:0:0:0:0:0:0:0:8:0:0:1:0:0:0:0:0:0:0:0:0:0:0:0:0:0:0:0:0:0:0:0:9:0:0:1:0:0:0:0:0:2:0:0:0:0:0:0:0:0:0:0:0:0:0:0:0:0:0:0:0:0:0
mtfs-sentinel-dataset-v1,1,952,1380005968,1397770528,47510004,1160000,1,511,0,1,normal,40,Release,record,natural,natural,0,none,0,0,0,0,0,40,9,16,9,0,9,0,29333,3259,10,17,10,0,10,0,90093,9009,2,0,2,0,2,0,2,1,0,0,0,0,0,0,0,23,1,0,0,0,0,0,0,0:0:0:0:0:0:0:0:0:0:0:8:0:0:1:0:0:0:0:0:0:0:0:0:0:0:0:0:0:0:0:0:0:0:0:9:0:0:1:0:0:0:0:0:2:0:0:0:0:0:0:0:0:0:0:0:0:0:0:0:0:0:0:0:0:0
mtfs-sentinel-dataset-v1,1,952,1380005968,1397770528,48670004,1160000,1,511,0,1,normal,41,Release,record,natural,natural,0,none,0,0,0,0,0,41,9,16,9,0,9,0,29311,3256,10,17,10,0,10,0,91651,9165,2,0,2,0,2,0,2,1,0,0,0,0,0,0,0,23,1,0,0,0,0,0,0,0:0:0:0:0:0:0:0:0:0:0:8:0:0:1:0:0:0:0:0:0:0:0:0:0:0:0:0:0:0:0:0:0:0:0:9:0:0:1:0:0:0:0:0:2:0:0:0:0:0:0:0:0:0:0:0:0:0:0:0:0:0:0:0:0:0
mtfs-sentinel-dataset-v1,1,952,1380005968,1397770528,49830004,1160000,1,511,0,1,normal,42,Release,record,natural,natural,0,none,0,0,0,0,0,42,9,16,9,0,9,0,29209,3245,10,17,10,0,10,0,89362,8936,2,0,2,0,2,0,2,1,0,0,0,0,0,0,0,23,1,0,0,0,0,0,0,0:0:0:0:0:0:0:0:0:0:0:8:0:0:1:0:0:0:0:0:0:0:0:0:0:0:0:0:0:0:0:0:0:0:0:9:0:0:1:0:0:0:0:0:2:0:0:0:0:0:0:0:0:0:0:0:0:0:0:0:0:0:0:0:0:0
mtfs-sentinel-dataset-v1,1,952,1380005968,1397770528,50990004,1160000,1,511,0,1,normal,43,Release,record,natural,natural,0,none,0,0,0,0,0,43,9,16,9,0,9,0,29266,3251,10,17,10,0,10,0,92929,9292,2,0,2,0,2,0,1,0,0,0,0,0,0,0,0,23,1,0,0,0,0,0,0,0:0:0:0:0:0:0:0:0:0:0:8:0:0:1:0:0:0:0:0:0:0:0:0:0:0:0:0:0:0:0:0:0:0:0:9:0:0:1:0:0:0:0:0:2:0:0:0:0:0:0:0:0:0:0:0:0:0:0:0:0:0:0:0:0:0
mtfs-sentinel-dataset-v1,1,952,1380005968,1397770528,52150004,1160000,1,511,0,1,normal,44,Release,record,natural,natural,0,none,0,0,0,0,0,44,9,16,9,0,9,0,29298,3255,10,17,10,0,10,0,89559,8955,2,0,2,0,2,0,1,0,0,0,0,0,0,0,0,23,1,0,0,0,0,0,0,0:0:0:0:0:0:0:0:0:0:0:8:0:0:1:0:0:0:0:0:0:0:0:0:0:0:0:0:0:0:0:0:0:0:0:9:0:0:1:0:0:0:0:0:2:0:0:0:0:0:0:0:0:0:0:0:0:0:0:0:0:0:0:0:0:0
mtfs-sentinel-dataset-v1,1,952,1380005968,1397770528,53310004,1160000,1,511,0,1,normal,45,Release,record,natural,natural,0,none,0,0,0,0,0,45,9,16,9,0,9,0,29289,3254,10,17,10,0,10,0,91518,9151,2,0,2,0,2,0,2,1,0,0,0,0,0,0,0,23,1,0,0,0,0,0,0,0:0:0:0:0:0:0:0:0:0:0:8:0:0:1:0:0:0:0:0:0:0:0:0:0:0:0:0:0:0:0:0:0:0:0:9:0:0:1:0:0:0:0:0:2:0:0:0:0:0:0:0:0:0:0:0:0:0:0:0:0:0:0:0:0:0
mtfs-sentinel-dataset-v1,1,952,1380005968,1397770528,54480004,1170000,1,511,0,1,normal,46,Release,record,natural,natural,0,none,0,0,0,0,0,46,9,16,9,0,9,0,29309,3256,10,17,10,0,10,0,97956,9795,2,0,2,0,2,0,2,1,0,0,0,0,0,0,0,23,1,0,0,0,0,0,0,0:0:0:0:0:0:0:0:0:0:0:8:0:0:1:0:0:0:0:0:0:0:0:0:0:0:0:0:0:0:0:0:0:0:0:8:1:0:1:0:0:0:0:0:2:0:0:0:0:0:0:0:0:0:0:0:0:0:0:0:0:0:0:0:0:0
mtfs-sentinel-dataset-v1,1,952,1380005968,1397770528,55650004,1170000,1,511,0,1,normal,47,Release,record,natural,natural,0,none,0,0,0,0,0,47,9,16,9,0,9,0,29290,3254,10,17,10,0,10,0,94577,9457,2,0,2,0,2,0,0,0,0,0,0,0,0,0,0,23,1,0,0,0,0,0,0,0:0:0:0:0:0:0:0:0:0:0:8:0:0:1:0:0:0:0:0:0:0:0:0:0:0:0:0:0:0:0:0:0:0:0:9:0:0:1:0:0:0:0:0:2:0:0:0:0:0:0:0:0:0:0:0:0:0:0:0:0:0:0:0:0:0
mtfs-sentinel-dataset-v1,1,952,1380005968,1397770528,56810004,1160000,1,511,0,1,normal,48,Release,record,natural,natural,0,none,0,0,0,0,0,48,9,16,9,0,9,0,29318,3257,10,17,10,0,10,0,90318,9031,2,0,2,0,2,0,0,0,0,0,0,0,0,0,0,23,1,0,0,0,0,0,0,0:0:0:0:0:0:0:0:0:0:0:8:0:0:1:0:0:0:0:0:0:0:0:0:0:0:0:0:0:0:0:0:0:0:0:9:0:0:1:0:0:0:0:0:2:0:0:0:0:0:0:0:0:0:0:0:0:0:0:0:0:0:0:0:0:0
mtfs-sentinel-dataset-v1,1,952,1380005968,1397770528,57970004,1160000,1,511,0,1,normal,49,Release,record,natural,natural,0,none,0,0,0,0,0,49,9,16,9,0,9,0,29252,3250,10,17,10,0,10,0,92521,9252,2,0,2,0,2,0,2,1,0,0,0,0,0,0,0,23,1,0,0,0,0,0,0,0:0:0:0:0:0:0:0:0:0:0:8:0:0:1:0:0:0:0:0:0:0:0:0:0:0:0:0:0:0:0:0:0:0:0:9:0:0:1:0:0:0:0:0:2:0:0:0:0:0:0:0:0:0:0:0:0:0:0:0:0:0:0:0:0:0
mtfs-sentinel-dataset-v1,1,952,1380005968,1397770528,59130004,1160000,1,511,0,1,normal,50,Release,record,natural,natural,0,none,0,0,0,0,0,50,9,16,9,0,9,0,29309,3256,10,17,10,0,10,0,92217,9221,2,0,2,0,2,0,2,1,0,0,0,0,0,0,0,23,1,0,0,0,0,0,0,0:0:0:0:0:0:0:0:0:0:0:8:0:0:1:0:0:0:0:0:0:0:0:0:0:0:0:0:0:0:0:0:0:0:0:9:0:0:1:0:0:0:0:0:2:0:0:0:0:0:0:0:0:0:0:0:0:0:0:0:0:0:0:0:0:0
mtfs-sentinel-dataset-v1,1,952,1380005968,1397770528,60300004,1170000,1,511,0,1,normal,51,Release,record,natural,natural,0,none,0,0,0,0,0,51,9,16,9,0,9,0,29226,3247,10,17,10,0,10,0,94648,9464,2,0,2,0,2,0,1,0,0,0,0,0,0,0,0,23,1,0,0,0,0,0,0,0:0:0:0:0:0:0:0:0:0:0:8:0:0:1:0:0:0:0:0:0:0:0:0:0:0:0:0:0:0:0:0:0:0:0:9:0:0:1:0:0:0:0:0:2:0:0:0:0:0:0:0:0:0:0:0:0:0:0:0:0:0:0:0:0:0
mtfs-sentinel-dataset-v1,1,952,1380005968,1397770528,61460004,1160000,1,511,0,1,normal,52,Release,record,natural,natural,0,none,0,0,0,0,0,52,9,16,9,0,9,0,29353,3261,10,17,10,0,10,0,90276,9027,2,0,2,0,2,0,2,1,0,0,0,0,0,0,0,23,1,0,0,0,0,0,0,0:0:0:0:0:0:0:0:0:0:0:8:0:0:1:0:0:0:0:0:0:0:0:0:0:0:0:0:0:0:0:0:0:0:0:9:0:0:1:0:0:0:0:0:2:0:0:0:0:0:0:0:0:0:0:0:0:0:0:0:0:0:0:0:0:0
mtfs-sentinel-dataset-v1,1,952,1380005968,1397770528,62620004,1160000,1,511,0,1,normal,53,Release,record,natural,natural,0,none,0,0,0,0,0,53,9,16,9,0,9,0,28890,3210,10,17,10,0,10,0,91267,9126,2,0,2,0,2,0,1,0,0,0,0,0,0,0,0,23,1,0,0,0,0,0,0,0:0:0:0:0:0:0:0:0:0:0:8:0:0:1:0:0:0:0:0:0:0:0:0:0:0:0:0:0:0:0:0:0:0:0:9:0:0:1:0:0:0:0:0:2:0:0:0:0:0:0:0:0:0:0:0:0:0:0:0:0:0:0:0:0:0
mtfs-sentinel-dataset-v1,1,952,1380005968,1397770528,63780004,1160000,1,511,0,1,normal,54,Release,record,natural,natural,0,none,0,0,0,0,0,54,9,16,9,0,9,0,29155,3239,10,17,10,0,10,0,89331,8933,2,0,2,0,2,0,2,1,0,0,0,0,0,0,0,23,1,0,0,0,0,0,0,0:0:0:0:0:0:0:0:0:0:0:8:0:0:1:0:0:0:0:0:0:0:0:0:0:0:0:0:0:0:0:0:0:0:0:9:0:0:1:0:0:0:0:0:2:0:0:0:0:0:0:0:0:0:0:0:0:0:0:0:0:0:0:0:0:0
mtfs-sentinel-dataset-v1,1,952,1380005968,1397770528,64950004,1170000,1,511,0,1,normal,55,Release,record,natural,natural,0,none,0,0,0,0,0,55,9,16,9,0,9,0,29283,3253,10,17,10,0,10,0,95434,9543,2,0,2,0,2,0,2,1,0,0,0,0,0,0,0,23,1,0,0,0,0,0,0,0:0:0:0:0:0:0:0:0:0:0:8:0:0:1:0:0:0:0:0:0:0:0:0:0:0:0:0:0:0:0:0:0:0:0:9:0:0:1:0:0:0:0:0:2:0:0:0:0:0:0:0:0:0:0:0:0:0:0:0:0:0:0:0:0:0
mtfs-sentinel-dataset-v1,1,952,1380005968,1397770528,66110004,1160000,1,511,0,1,normal,56,Release,record,natural,natural,0,none,0,0,0,0,0,56,9,16,9,0,9,0,29318,3257,10,17,10,0,10,0,91083,9108,2,0,2,0,2,0,2,1,0,0,0,0,0,0,0,23,1,0,0,0,0,0,0,0:0:0:0:0:0:0:0:0:0:0:8:0:0:1:0:0:0:0:0:0:0:0:0:0:0:0:0:0:0:0:0:0:0:0:9:0:0:1:0:0:0:0:0:2:0:0:0:0:0:0:0:0:0:0:0:0:0:0:0:0:0:0:0:0:0
mtfs-sentinel-dataset-v1,1,952,1380005968,1397770528,67270004,1160000,1,511,0,1,normal,57,Release,record,natural,natural,0,none,0,0,0,0,0,57,9,16,9,0,9,0,29282,3253,10,17,10,0,10,0,92482,9248,2,0,2,0,2,0,2,1,0,0,0,0,0,0,0,23,1,0,0,0,0,0,0,0:0:0:0:0:0:0:0:0:0:0:8:0:0:1:0:0:0:0:0:0:0:0:0:0:0:0:0:0:0:0:0:0:0:0:9:0:0:1:0:0:0:0:0:2:0:0:0:0:0:0:0:0:0:0:0:0:0:0:0:0:0:0:0:0:0
mtfs-sentinel-dataset-v1,1,952,1380005968,1397770528,68430004,1160000,1,511,0,1,normal,58,Release,record,natural,natural,0,none,0,0,0,0,0,58,9,16,9,0,9,0,29128,3236,10,17,10,0,10,0,92346,9234,2,0,2,0,2,0,1,0,0,0,0,0,0,0,0,23,1,0,0,0,0,0,0,0:0:0:0:0:0:0:0:0:0:0:8:0:0:1:0:0:0:0:0:0:0:0:0:0:0:0:0:0:0:0:0:0:0:0:9:0:0:1:0:0:0:0:0:2:0:0:0:0:0:0:0:0:0:0:0:0:0:0:0:0:0:0:0:0:0
mtfs-sentinel-dataset-v1,1,952,1380005968,1397770528,69600004,1170000,1,511,0,1,normal,59,Release,record,natural,natural,0,none,0,0,0,0,0,59,9,16,9,0,9,0,29262,3251,10,17,10,0,10,0,94933,9493,2,0,2,0,2,0,2,1,0,0,0,0,0,0,0,23,1,0,0,0,0,0,0,0:0:0:0:0:0:0:0:0:0:0:8:0:0:1:0:0:0:0:0:0:0:0:0:0:0:0:0:0:0:0:0:0:0:0:9:0:0:1:0:0:0:0:0:2:0:0:0:0:0:0:0:0:0:0:0:0:0:0:0:0:0:0:0:0:0
mtfs-sentinel-dataset-v1,1,952,1380005968,1397770528,70760004,1160000,1,511,0,1,normal,60,Release,record,natural,natural,0,none,0,0,0,0,0,60,9,16,9,0,9,0,29308,3256,10,17,10,0,10,0,90568,9056,2,0,2,0,2,0,0,0,0,0,0,0,0,0,0,23,1,0,0,0,0,0,0,0:0:0:0:0:0:0:0:0:0:0:8:0:0:1:0:0:0:0:0:0:0:0:0:0:0:0:0:0:0:0:0:0:0:0:9:0:0:1:0:0:0:0:0:2:0:0:0:0:0:0:0:0:0:0:0:0:0:0:0:0:0:0:0:0:0
mtfs-sentinel-dataset-v1,1,952,1380005968,1397770528,71930004,1170000,1,511,0,1,normal,61,Release,record,natural,natural,0,none,0,0,0,0,0,61,9,16,9,0,9,0,29230,3247,10,17,10,0,10,0,100016,10001,2,0,2,0,2,0,1,0,0,0,0,0,0,0,0,23,1,0,0,0,0,0,0,0:0:0:0:0:0:0:0:0:0:0:8:0:0:1:0:0:0:0:0:0:0:0:0:0:0:0:0:0:0:0:0:0:0:0:9:0:0:1:0:0:0:0:0:2:0:0:0:0:0:0:0:0:0:0:0:0:0:0:0:0:0:0:0:0:0
mtfs-sentinel-dataset-v1,1,952,1380005968,1397770528,73090004,1160000,1,511,0,1,normal,62,Release,record,natural,natural,0,none,0,0,0,0,0,62,9,16,9,0,9,0,29265,3251,10,17,10,0,10,0,91795,9179,2,0,2,0,2,0,1,0,0,0,0,0,0,0,0,23,1,0,0,0,0,0,0,0:0:0:0:0:0:0:0:0:0:0:8:0:0:1:0:0:0:0:0:0:0:0:0:0:0:0:0:0:0:0:0:0:0:0:9:0:0:1:0:0:0:0:0:2:0:0:0:0:0:0:0:0:0:0:0:0:0:0:0:0:0:0:0:0:0
mtfs-sentinel-dataset-v1,1,952,1380005968,1397770528,74260004,1170000,1,511,0,1,normal,63,Release,record,natural,natural,0,none,0,0,0,0,0,63,9,16,9,0,9,0,29227,3247,10,17,10,0,10,0,94799,9479,2,0,2,0,2,0,1,0,0,0,0,0,0,0,0,23,1,0,0,0,0,0,0,0:0:0:0:0:0:0:0:0:0:0:8:0:0:1:0:0:0:0:0:0:0:0:0:0:0:0:0:0:0:0:0:0:0:0:9:0:0:1:0:0:0:0:0:2:0:0:0:0:0:0:0:0:0:0:0:0:0:0:0:0:0:0:0:0:0
mtfs-sentinel-dataset-v1,1,952,1380005968,1397770528,75420004,1160000,1,511,0,1,normal,64,Release,record,natural,natural,0,none,0,0,0,0,0,64,9,16,9,0,9,0,29339,3259,10,17,10,0,10,0,90677,9067,2,0,2,0,2,0,1,0,0,0,0,0,0,0,0,23,1,0,0,0,0,0,0,0:0:0:0:0:0:0:0:0:0:0:8:0:0:1:0:0:0:0:0:0:0:0:0:0:0:0:0:0:0:0:0:0:0:0:9:0:0:1:0:0:0:0:0:2:0:0:0:0:0:0:0:0:0:0:0:0:0:0:0:0:0:0:0:0:0
mtfs-sentinel-dataset-v1,1,952,1380005968,1397770528,76580004,1160000,1,511,0,1,normal,65,Release,record,natural,natural,0,none,0,0,0,0,0,65,9,16,9,0,9,0,29282,3253,10,17,10,0,10,0,92505,9250,2,0,2,0,2,0,1,0,0,0,0,0,0,0,0,23,1,0,0,0,0,0,0,0:0:0:0:0:0:0:0:0:0:0:8:0:0:1:0:0:0:0:0:0:0:0:0:0:0:0:0:0:0:0:0:0:0:0:9:0:0:1:0:0:0:0:0:2:0:0:0:0:0:0:0:0:0:0:0:0:0:0:0:0:0:0:0:0:0
mtfs-sentinel-dataset-v1,1,952,1380005968,1397770528,77740004,1160000,1,511,0,1,normal,66,Release,record,natural,natural,0,none,0,0,0,0,0,66,9,16,9,0,9,0,29304,3256,10,17,10,0,10,0,92321,9232,2,0,2,0,2,0,1,0,0,0,0,0,0,0,0,23,1,0,0,0,0,0,0,0:0:0:0:0:0:0:0:0:0:0:8:0:0:1:0:0:0:0:0:0:0:0:0:0:0:0:0:0:0:0:0:0:0:0:9:0:0:1:0:0:0:0:0:2:0:0:0:0:0:0:0:0:0:0:0:0:0:0:0:0:0:0:0:0:0
mtfs-sentinel-dataset-v1,1,952,1380005968,1397770528,78910004,1170000,1,511,0,1,normal,67,Release,record,natural,natural,0,none,0,0,0,0,0,67,9,16,9,0,9,0,29142,3238,10,17,10,0,10,0,94829,9482,2,0,2,0,2,0,1,0,0,0,0,0,0,0,0,23,1,0,0,0,0,0,0,0:0:0:0:0:0:0:0:0:0:0:8:0:0:1:0:0:0:0:0:0:0:0:0:0:0:0:0:0:0:0:0:0:0:0:9:0:0:1:0:0:0:0:0:2:0:0:0:0:0:0:0:0:0:0:0:0:0:0:0:0:0:0:0:0:0
mtfs-sentinel-dataset-v1,1,952,1380005968,1397770528,80070004,1160000,1,511,0,1,normal,68,Release,record,natural,natural,0,none,0,0,0,0,0,68,9,16,9,0,9,0,29298,3255,10,17,10,0,10,0,90823,9082,2,0,2,0,2,0,2,1,0,0,0,0,0,0,0,23,1,0,0,0,0,0,0,0:0:0:0:0:0:0:0:0:0:0:8:0:0:1:0:0:0:0:0:0:0:0:0:0:0:0:0:0:0:0:0:0:0:0:9:0:0:1:0:0:0:0:0:2:0:0:0:0:0:0:0:0:0:0:0:0:0:0:0:0:0:0:0:0:0
mtfs-sentinel-dataset-v1,1,952,1380005968,1397770528,81230004,1160000,1,511,0,1,normal,69,Release,record,natural,natural,0,none,0,0,0,0,0,69,9,16,9,0,9,0,29298,3255,10,17,10,0,10,0,92453,9245,2,0,2,0,2,0,2,1,0,0,0,0,0,0,0,23,1,0,0,0,0,0,0,0:0:0:0:0:0:0:0:0:0:0:8:0:0:1:0:0:0:0:0:0:0:0:0:0:0:0:0:0:0:0:0:0:0:0:9:0:0:1:0:0:0:0:0:2:0:0:0:0:0:0:0:0:0:0:0:0:0:0:0:0:0:0:0:0:0
mtfs-sentinel-dataset-v1,1,952,1380005968,1397770528,82390004,1160000,1,511,0,1,normal,70,Release,record,natural,natural,0,none,0,0,0,0,0,70,9,16,9,0,9,0,29274,3252,10,17,10,0,10,0,92479,9247,2,0,2,0,2,0,1,0,0,0,0,0,0,0,0,23,1,0,0,0,0,0,0,0:0:0:0:0:0:0:0:0:0:0:8:0:0:1:0:0:0:0:0:0:0:0:0:0:0:0:0:0:0:0:0:0:0:0:9:0:0:1:0:0:0:0:0:2:0:0:0:0:0:0:0:0:0:0:0:0:0:0:0:0:0:0:0:0:0
mtfs-sentinel-dataset-v1,1,952,1380005968,1397770528,83560004,1170000,1,511,0,1,normal,71,Release,record,natural,natural,0,none,0,0,0,0,0,71,9,16,9,0,9,0,29213,3245,10,17,10,0,10,0,95079,9507,2,0,2,0,2,0,1,0,0,0,0,0,0,0,0,23,1,0,0,0,0,0,0,0:0:0:0:0:0:0:0:0:0:0:8:0:0:1:0:0:0:0:0:0:0:0:0:0:0:0:0:0:0:0:0:0:0:0:9:0:0:1:0:0:0:0:0:2:0:0:0:0:0:0:0:0:0:0:0:0:0:0:0:0:0:0:0:0:0
mtfs-sentinel-dataset-v1,1,952,1380005968,1397770528,84720004,1160000,1,511,0,1,normal,72,Release,record,natural,natural,0,none,0,0,0,0,0,72,9,16,9,0,9,0,29313,3257,10,17,10,0,10,0,90455,9045,2,0,2,0,2,0,1,0,0,0,0,0,0,0,0,23,1,0,0,0,0,0,0,0:0:0:0:0:0:0:0:0:0:0:8:0:0:1:0:0:0:0:0:0:0:0:0:0:0:0:0:0:0:0:0:0:0:0:9:0:0:1:0:0:0:0:0:2:0:0:0:0:0:0:0:0:0:0:0:0:0:0:0:0:0:0:0:0:0
mtfs-sentinel-dataset-v1,1,952,1380005968,1397770528,85880004,1160000,1,511,0,1,normal,73,Release,record,natural,natural,0,none,0,0,0,0,0,73,9,16,9,0,9,0,29300,3255,10,17,10,0,10,0,92113,9211,2,0,2,0,2,0,2,1,0,0,0,0,0,0,0,23,1,0,0,0,0,0,0,0:0:0:0:0:0:0:0:0:0:0:8:0:0:1:0:0:0:0:0:0:0:0:0:0:0:0:0:0:0:0:0:0:0:0:9:0:0:1:0:0:0:0:0:2:0:0:0:0:0:0:0:0:0:0:0:0:0:0:0:0:0:0:0:0:0
mtfs-sentinel-dataset-v1,1,952,1380005968,1397770528,87040004,1160000,1,511,0,1,normal,74,Release,record,natural,natural,0,none,0,0,0,0,0,74,9,16,9,0,9,0,29310,3256,10,17,10,0,10,0,91508,9150,2,0,2,0,2,0,2,1,0,0,0,0,0,0,0,23,1,0,0,0,0,0,0,0:0:0:0:0:0:0:0:0:0:0:8:0:0:1:0:0:0:0:0:0:0:0:0:0:0:0:0:0:0:0:0:0:0:0:9:0:0:1:0:0:0:0:0:2:0:0:0:0:0:0:0:0:0:0:0:0:0:0:0:0:0:0:0:0:0
mtfs-sentinel-dataset-v1,1,952,1380005968,1397770528,88200004,1160000,1,511,0,1,normal,75,Release,record,natural,natural,0,none,0,0,0,0,0,75,9,16,9,0,9,0,29312,3256,10,17,10,0,10,0,94028,9402,2,0,2,0,2,0,2,1,0,0,0,0,0,0,0,23,1,0,0,0,0,0,0,0:0:0:0:0:0:0:0:0:0:0:8:0:0:1:0:0:0:0:0:0:0:0:0:0:0:0:0:0:0:0:0:0:0:0:9:0:0:1:0:0:0:0:0:2:0:0:0:0:0:0:0:0:0:0:0:0:0:0:0:0:0:0:0:0:0
mtfs-sentinel-dataset-v1,1,952,1380005968,1397770528,89370004,1170000,1,511,0,1,normal,76,Release,record,natural,natural,0,none,0,0,0,0,0,76,9,16,9,0,9,0,28950,3216,10,17,10,0,10,0,97240,9724,2,0,2,0,2,0,2,1,0,0,0,0,0,0,0,23,1,0,0,0,0,0,0,0:0:0:0:0:0:0:0:0:0:0:8:0:0:1:0:0:0:0:0:0:0:0:0:0:0:0:0:0:0:0:0:0:0:0:9:0:0:1:0:0:0:0:0:2:0:0:0:0:0:0:0:0:0:0:0:0:0:0:0:0:0:0:0:0:0
mtfs-sentinel-dataset-v1,1,952,1380005968,1397770528,90570004,1200000,1,511,0,1,normal,77,Release,record,natural,natural,0,none,0,0,0,0,0,77,9,16,9,0,9,0,29092,3232,10,17,10,0,10,0,134219,13421,2,0,2,0,2,0,2,1,0,0,0,0,0,0,0,23,1,0,0,0,0,0,0,0:0:0:0:0:0:0:0:0:0:0:8:0:0:1:0:0:0:0:0:0:0:0:0:0:0:0:0:0:0:0:0:0:0:0:9:0:0:0:1:0:0:0:0:2:0:0:0:0:0:0:0:0:0:0:0:0:0:0:0:0:0:0:0:0:0
mtfs-sentinel-dataset-v1,1,952,1380005968,1397770528,91730004,1160000,1,511,0,1,normal,78,Release,record,natural,natural,0,none,0,0,0,0,0,78,9,16,9,0,9,0,29359,3262,10,17,10,0,10,0,93299,9329,2,0,2,0,2,0,2,1,0,0,0,0,0,0,0,23,1,0,0,0,0,0,0,0:0:0:0:0:0:0:0:0:0:0:8:0:0:1:0:0:0:0:0:0:0:0:0:0:0:0:0:0:0:0:0:0:0:0:9:0:0:1:0:0:0:0:0:2:0:0:0:0:0:0:0:0:0:0:0:0:0:0:0:0:0:0:0:0:0
mtfs-sentinel-dataset-v1,1,952,1380005968,1397770528,92890004,1160000,1,511,0,1,normal,79,Release,record,natural,natural,0,none,0,0,0,0,0,79,9,16,9,0,9,0,29253,3250,10,17,10,0,10,0,93675,9367,2,0,2,0,2,0,2,1,0,0,0,0,0,0,0,23,1,0,0,0,0,0,0,0:0:0:0:0:0:0:0:0:0:0:8:0:0:1:0:0:0:0:0:0:0:0:0:0:0:0:0:0:0:0:0:0:0:0:9:0:0:1:0:0:0:0:0:2:0:0:0:0:0:0:0:0:0:0:0:0:0:0:0:0:0:0:0:0:0
mtfs-sentinel-dataset-v1,1,952,1380005968,1397770528,94050004,1160000,1,511,0,1,normal,80,Release,record,natural,natural,0,none,0,0,0,0,0,80,9,16,9,0,9,0,29429,3269,10,17,10,0,10,0,89339,8933,2,0,2,0,2,0,2,1,0,0,0,0,0,0,0,23,1,0,0,0,0,0,0,0:0:0:0:0:0:0:0:0:0:0:8:0:0:1:0:0:0:0:0:0:0:0:0:0:0:0:0:0:0:0:0:0:0:0:9:0:0:1:0:0:0:0:0:2:0:0:0:0:0:0:0:0:0:0:0:0:0:0:0:0:0:0:0:0:0
mtfs-sentinel-dataset-v1,1,952,1380005968,1397770528,95210004,1160000,1,511,0,1,normal,81,Release,record,natural,natural,0,none,0,0,0,0,0,81,9,16,9,0,9,0,29382,3264,10,17,10,0,10,0,93737,9373,2,0,2,0,2,0,1,0,0,0,0,0,0,0,0,23,1,0,0,0,0,0,0,0:0:0:0:0:0:0:0:0:0:0:8:0:0:1:0:0:0:0:0:0:0:0:0:0:0:0:0:0:0:0:0:0:0:0:9:0:0:1:0:0:0:0:0:2:0:0:0:0:0:0:0:0:0:0:0:0:0:0:0:0:0:0:0:0:0
mtfs-sentinel-dataset-v1,1,952,1380005968,1397770528,96370004,1160000,1,511,0,1,normal,82,Release,record,natural,natural,0,none,0,0,0,0,0,82,9,16,9,0,9,0,29311,3256,10,17,10,0,10,0,93658,9365,2,0,2,0,2,0,2,1,0,0,0,0,0,0,0,23,1,0,0,0,0,0,0,0:0:0:0:0:0:0:0:0:0:0:8:0:0:1:0:0:0:0:0:0:0:0:0:0:0:0:0:0:0:0:0:0:0:0:9:0:0:1:0:0:0:0:0:2:0:0:0:0:0:0:0:0:0:0:0:0:0:0:0:0:0:0:0:0:0
mtfs-sentinel-dataset-v1,1,952,1380005968,1397770528,97530004,1160000,1,511,0,1,normal,83,Release,record,natural,natural,0,none,0,0,0,0,0,83,9,16,9,0,9,0,29302,3255,10,17,10,0,10,0,94103,9410,2,0,2,0,2,0,1,0,0,0,0,0,0,0,0,23,1,0,0,0,0,0,0,0:0:0:0:0:0:0:0:0:0:0:8:0:0:1:0:0:0:0:0:0:0:0:0:0:0:0:0:0:0:0:0:0:0:0:9:0:0:1:0:0:0:0:0:2:0:0:0:0:0:0:0:0:0:0:0:0:0:0:0:0:0:0:0:0:0
mtfs-sentinel-dataset-v1,1,952,1380005968,1397770528,98690004,1160000,1,511,0,1,normal,84,Release,record,natural,natural,0,none,0,0,0,0,0,84,9,16,9,0,9,0,29404,3267,10,17,10,0,10,0,89653,8965,2,0,2,0,2,0,2,1,0,0,0,0,0,0,0,23,1,0,0,0,0,0,0,0:0:0:0:0:0:0:0:0:0:0:8:0:0:1:0:0:0:0:0:0:0:0:0:0:0:0:0:0:0:0:0:0:0:0:9:0:0:1:0:0:0:0:0:2:0:0:0:0:0:0:0:0:0:0:0:0:0:0:0:0:0:0:0:0:0
mtfs-sentinel-dataset-v1,1,952,1380005968,1397770528,99850004,1160000,1,511,0,1,normal,85,Release,record,natural,natural,0,none,0,0,0,0,0,85,9,16,9,0,9,0,29279,3253,10,17,10,0,10,0,93611,9361,2,0,2,0,2,0,2,1,0,0,0,0,0,0,0,23,1,0,0,0,0,0,0,0:0:0:0:0:0:0:0:0:0:0:8:0:0:1:0:0:0:0:0:0:0:0:0:0:0:0:0:0:0:0:0:0:0:0:9:0:0:1:0:0:0:0:0:2:0:0:0:0:0:0:0:0:0:0:0:0:0:0:0:0:0:0:0:0:0
mtfs-sentinel-dataset-v1,1,952,1380005968,1397770528,101010004,1160000,1,511,0,1,normal,86,Release,record,natural,natural,0,none,0,0,0,0,0,86,9,16,9,0,9,0,29367,3263,10,17,10,0,10,0,93566,9356,2,0,2,0,2,0,1,0,0,0,0,0,0,0,0,23,1,0,0,0,0,0,0,0:0:0:0:0:0:0:0:0:0:0:8:0:0:1:0:0:0:0:0:0:0:0:0:0:0:0:0:0:0:0:0:0:0:0:9:0:0:1:0:0:0:0:0:2:0:0:0:0:0:0:0:0:0:0:0:0:0:0:0:0:0:0:0:0:0
mtfs-sentinel-dataset-v1,1,952,1380005968,1397770528,102170004,1160000,1,511,0,1,normal,87,Release,record,natural,natural,0,none,0,0,0,0,0,87,9,16,9,0,9,0,29362,3262,10,17,10,0,10,0,93673,9367,2,0,2,0,2,0,1,0,0,0,0,0,0,0,0,23,1,0,0,0,0,0,0,0:0:0:0:0:0:0:0:0:0:0:8:0:0:1:0:0:0:0:0:0:0:0:0:0:0:0:0:0:0:0:0:0:0:0:9:0:0:1:0:0:0:0:0:2:0:0:0:0:0:0:0:0:0:0:0:0:0:0:0:0:0:0:0:0:0
mtfs-sentinel-dataset-v1,1,952,1380005968,1397770528,103330004,1160000,1,511,0,1,normal,88,Release,record,natural,natural,0,none,0,0,0,0,0,88,9,16,9,0,9,0,29435,3270,10,17,10,0,10,0,88955,8895,2,0,2,0,2,0,2,1,0,0,0,0,0,0,0,23,1,0,0,0,0,0,0,0:0:0:0:0:0:0:0:0:0:0:8:0:0:1:0:0:0:0:0:0:0:0:0:0:0:0:0:0:0:0:0:0:0:0:9:0:0:1:0:0:0:0:0:2:0:0:0:0:0:0:0:0:0:0:0:0:0:0:0:0:0:0:0:0:0
mtfs-sentinel-dataset-v1,1,952,1380005968,1397770528,104490004,1160000,1,511,0,1,normal,89,Release,record,natural,natural,0,none,0,0,0,0,0,89,9,16,9,0,9,0,29244,3249,10,17,10,0,10,0,93411,9341,2,0,2,0,2,0,2,1,0,0,0,0,0,0,0,23,1,0,0,0,0,0,0,0:0:0:0:0:0:0:0:0:0:0:8:0:0:1:0:0:0:0:0:0:0:0:0:0:0:0:0:0:0:0:0:0:0:0:9:0:0:1:0:0:0:0:0:2:0:0:0:0:0:0:0:0:0:0:0:0:0:0:0:0:0:0:0:0:0
mtfs-sentinel-dataset-v1,1,952,1380005968,1397770528,105650004,1160000,1,511,0,1,normal,90,Release,record,natural,natural,0,none,0,0,0,0,0,90,9,16,9,0,9,0,29348,3260,10,17,10,0,10,0,92909,9290,2,0,2,0,2,0,2,1,0,0,0,0,0,0,0,23,1,0,0,0,0,0,0,0:0:0:0:0:0:0:0:0:0:0:8:0:0:1:0:0:0:0:0:0:0:0:0:0:0:0:0:0:0:0:0:0:0:0:9:0:0:1:0:0:0:0:0:2:0:0:0:0:0:0:0:0:0:0:0:0:0:0:0:0:0:0:0:0:0
mtfs-sentinel-dataset-v1,1,952,1380005968,1397770528,106820004,1170000,1,511,0,1,normal,91,Release,record,natural,natural,0,none,0,0,0,0,0,91,9,16,9,0,9,0,29213,3245,10,17,10,0,10,0,100106,10010,2,0,2,0,2,0,2,1,0,0,0,0,0,0,0,23,1,0,0,0,0,0,0,0:0:0:0:0:0:0:0:0:0:0:8:0:0:1:0:0:0:0:0:0:0:0:0:0:0:0:0:0:0:0:0:0:0:0:9:0:0:1:0:0:0:0:0:2:0:0:0:0:0:0:0:0:0:0:0:0:0:0:0:0:0:0:0:0:0
mtfs-sentinel-dataset-v1,1,952,1380005968,1397770528,107980004,1160000,1,511,0,1,normal,92,Release,record,natural,natural,0,none,0,0,0,0,0,92,9,16,9,0,9,0,29325,3258,10,17,10,0,10,0,88001,8800,2,0,2,0,2,0,1,0,0,0,0,0,0,0,0,23,1,0,0,0,0,0,0,0:0:0:0:0:0:0:0:0:0:0:8:0:0:1:0:0:0:0:0:0:0:0:0:0:0:0:0:0:0:0:0:0:0:0:9:0:0:1:0:0:0:0:0:2:0:0:0:0:0:0:0:0:0:0:0:0:0:0:0:0:0:0:0:0:0
mtfs-sentinel-dataset-v1,1,952,1380005968,1397770528,109140004,1160000,1,511,0,1,normal,93,Release,record,natural,natural,0,none,0,0,0,0,0,93,9,16,9,0,9,0,29161,3240,10,17,10,0,10,0,89900,8990,2,0,2,0,2,0,1,0,0,0,0,0,0,0,0,23,1,0,0,0,0,0,0,0:0:0:0:0:0:0:0:0:0:0:8:0:0:1:0:0:0:0:0:0:0:0:0:0:0:0:0:0:0:0:0:0:0:0:9:0:0:1:0:0:0:0:0:2:0:0:0:0:0:0:0:0:0:0:0:0:0:0:0:0:0:0:0:0:0
mtfs-sentinel-dataset-v1,1,952,1380005968,1397770528,110300004,1160000,1,511,0,1,normal,94,Release,record,natural,natural,0,none,0,0,0,0,0,94,9,16,9,0,9,0,29309,3256,10,17,10,0,10,0,93002,9300,2,0,2,0,2,0,0,0,0,0,0,0,0,0,0,23,1,0,0,0,0,0,0,0:0:0:0:0:0:0:0:0:0:0:8:0:0:1:0:0:0:0:0:0:0:0:0:0:0:0:0:0:0:0:0:0:0:0:9:0:0:1:0:0:0:0:0:2:0:0:0:0:0:0:0:0:0:0:0:0:0:0:0:0:0:0:0:0:0
mtfs-sentinel-dataset-v1,1,952,1380005968,1397770528,111460004,1160000,1,511,0,1,normal,95,Release,record,natural,natural,0,none,0,0,0,0,0,95,9,16,9,0,9,0,29254,3250,10,17,10,0,10,0,90400,9040,2,0,2,0,2,0,2,1,0,0,0,0,0,0,0,23,1,0,0,0,0,0,0,0:0:0:0:0:0:0:0:0:0:0:8:0:0:1:0:0:0:0:0:0:0:0:0:0:0:0:0:0:0:0:0:0:0:0:9:0:0:1:0:0:0:0:0:2:0:0:0:0:0:0:0:0:0:0:0:0:0:0:0:0:0:0:0:0:0
mtfs-sentinel-dataset-v1,1,952,1380005968,1397770528,112620004,1160000,1,511,0,1,normal,96,Release,record,natural,natural,0,none,0,0,0,0,0,96,9,16,9,0,9,0,29244,3249,10,17,10,0,10,0,88430,8843,2,0,2,0,2,0,1,0,0,0,0,0,0,0,0,23,1,0,0,0,0,0,0,0:0:0:0:0:0:0:0:0:0:0:8:0:0:1:0:0:0:0:0:0:0:0:0:0:0:0:0:0:0:0:0:0:0:0:9:0:0:1:0:0:0:0:0:2:0:0:0:0:0:0:0:0:0:0:0:0:0:0:0:0:0:0:0:0:0
mtfs-sentinel-dataset-v1,1,952,1380005968,1397770528,113780004,1160000,1,511,0,1,normal,97,Release,record,natural,natural,0,none,0,0,0,0,0,97,9,16,9,0,9,0,29311,3256,10,17,10,0,10,0,93024,9302,2,0,2,0,2,0,2,1,0,0,0,0,0,0,0,23,1,0,0,0,0,0,0,0:0:0:0:0:0:0:0:0:0:0:8:0:0:1:0:0:0:0:0:0:0:0:0:0:0:0:0:0:0:0:0:0:0:0:9:0:0:1:0:0:0:0:0:2:0:0:0:0:0:0:0:0:0:0:0:0:0:0:0:0:0:0:0:0:0
mtfs-sentinel-dataset-v1,1,952,1380005968,1397770528,114940004,1160000,1,511,0,1,normal,98,Release,record,natural,natural,0,none,0,0,0,0,0,98,9,16,9,0,9,0,29018,3224,10,17,10,0,10,0,92591,9259,2,0,2,0,2,0,2,1,0,0,0,0,0,0,0,23,1,0,0,0,0,0,0,0:0:0:0:0:0:0:0:0:0:0:8:0:0:1:0:0:0:0:0:0:0:0:0:0:0:0:0:0:0:0:0:0:0:0:9:0:0:1:0:0:0:0:0:2:0:0:0:0:0:0:0:0:0:0:0:0:0:0:0:0:0:0:0:0:0
mtfs-sentinel-dataset-v1,1,952,1380005968,1397770528,116100004,1160000,1,511,0,1,normal,99,Release,record,natural,natural,0,none,0,0,0,0,0,99,9,16,9,0,9,0,29314,3257,10,17,10,0,10,0,89668,8966,2,0,2,0,2,0,0,0,0,0,0,0,0,0,0,23,1,0,0,0,0,0,0,0:0:0:0:0:0:0:0:0:0:0:8:0:0:1:0:0:0:0:0:0:0:0:0:0:0:0:0:0:0:0:0:0:0:0:9:0:0:1:0:0:0:0:0:2:0:0:0:0:0:0:0:0:0:0:0:0:0:0:0:0:0:0:0:0:0
mtfs-sentinel-dataset-v1,1,952,1380005968,1397770528,117260004,1160000,1,511,0,1,normal,100,Release,record,natural,natural,0,none,0,0,0,0,0,100,9,16,9,0,9,0,29336,3259,10,17,10,0,10,0,88685,8868,2,0,2,0,2,0,2,1,0,0,0,0,0,0,0,23,1,0,0,0,0,0,0,0:0:0:0:0:0:0:0:0:0:0:8:0:0:1:0:0:0:0:0:0:0:0:0:0:0:0:0:0:0:0:0:0:0:0:9:0:0:1:0:0:0:0:0:2:0:0:0:0:0:0:0:0:0:0:0:0:0:0:0:0:0:0:0:0:0
mtfs-sentinel-dataset-v1,1,952,1380005968,1397770528,118420004,1160000,1,511,0,1,normal,101,Release,record,natural,natural,0,none,0,0,0,0,0,101,9,16,9,0,9,0,29162,3240,10,17,10,0,10,0,93384,9338,2,0,2,0,2,0,2,1,0,0,0,0,0,0,0,23,1,0,0,0,0,0,0,0:0:0:0:0:0:0:0:0:0:0:8:0:0:1:0:0:0:0:0:0:0:0:0:0:0:0:0:0:0:0:0:0:0:0:9:0:0:1:0:0:0:0:0:2:0:0:0:0:0:0:0:0:0:0:0:0:0:0:0:0:0:0:0:0:0
mtfs-sentinel-dataset-v1,1,952,1380005968,1397770528,119580004,1160000,1,511,0,1,normal,102,Release,record,natural,natural,0,none,0,0,0,0,0,102,9,16,9,0,9,0,29326,3258,10,17,10,0,10,0,92687,9268,2,0,2,0,2,0,2,1,0,0,0,0,0,0,0,23,1,0,0,0,0,0,0,0:0:0:0:0:0:0:0:0:0:0:8:0:0:1:0:0:0:0:0:0:0:0:0:0:0:0:0:0:0:0:0:0:0:0:9:0:0:1:0:0:0:0:0:2:0:0:0:0:0:0:0:0:0:0:0:0:0:0:0:0:0:0:0:0:0
mtfs-sentinel-dataset-v1,1,952,1380005968,1397770528,120740004,1160000,1,511,0,1,normal,103,Release,record,natural,natural,0,none,0,0,0,0,0,103,9,16,9,0,9,0,29347,3260,10,17,10,0,10,0,93110,9311,2,0,2,0,2,0,2,1,0,0,0,0,0,0,0,23,1,0,0,0,0,0,0,0:0:0:0:0:0:0:0:0:0:0:8:0:0:1:0:0:0:0:0:0:0:0:0:0:0:0:0:0:0:0:0:0:0:0:9:0:0:1:0:0:0:0:0:2:0:0:0:0:0:0:0:0:0:0:0:0:0:0:0:0:0:0:0:0:0
mtfs-sentinel-dataset-v1,1,952,1380005968,1397770528,121900004,1160000,1,511,0,1,normal,104,Release,record,natural,natural,0,none,0,0,0,0,0,104,9,16,9,0,9,0,29403,3267,10,17,10,0,10,0,88017,8801,2,0,2,0,2,0,2,1,0,0,0,0,0,0,0,23,1,0,0,0,0,0,0,0:0:0:0:0:0:0:0:0:0:0:8:0:0:1:0:0:0:0:0:0:0:0:0:0:0:0:0:0:0:0:0:0:0:0:9:0:0:1:0:0:0:0:0:2:0:0:0:0:0:0:0:0:0:0:0:0:0:0:0:0:0:0:0:0:0
mtfs-sentinel-dataset-v1,1,952,1380005968,1397770528,123060004,1160000,1,511,0,1,normal,105,Release,record,natural,natural,0,none,0,0,0,0,0,105,9,16,9,0,9,0,29313,3257,10,17,10,0,10,0,92653,9265,2,0,2,0,2,0,1,0,0,0,0,0,0,0,0,23,1,0,0,0,0,0,0,0:0:0:0:0:0:0:0:0:0:0:8:0:0:1:0:0:0:0:0:0:0:0:0:0:0:0:0:0:0:0:0:0:0:0:9:0:0:1:0:0:0:0:0:2:0:0:0:0:0:0:0:0:0:0:0:0:0:0:0:0:0:0:0:0:0
mtfs-sentinel-dataset-v1,1,952,1380005968,1397770528,124230004,1170000,1,511,0,1,normal,106,Release,record,natural,natural,0,none,0,0,0,0,0,106,9,16,9,0,9,0,29248,3249,10,17,10,0,10,0,96986,9698,2,0,2,0,2,0,2,1,0,0,0,0,0,0,0,23,1,0,0,0,0,0,0,0:0:0:0:0:0:0:0:0:0:0:8:0:0:1:0:0:0:0:0:0:0:0:0:0:0:0:0:0:0:0:0:0:0:0:8:1:0:1:0:0:0:0:0:2:0:0:0:0:0:0:0:0:0:0:0:0:0:0:0:0:0:0:0:0:0
mtfs-sentinel-dataset-v1,1,952,1380005968,1397770528,125420004,1190000,1,511,0,1,normal,107,Release,record,natural,natural,0,none,0,0,0,0,0,107,9,16,9,0,9,0,29357,3261,10,17,10,0,10,0,114674,11467,2,0,2,0,2,0,1,0,0,0,0,0,0,0,0,23,1,0,0,0,0,0,0,0:0:0:0:0:0:0:0:0:0:0:8:0:0:1:0:0:0:0:0:0:0:0:0:0:0:0:0:0:0:0:0:0:0:0:8:0:1:1:0:0:0:0:0:2:0:0:0:0:0:0:0:0:0:0:0:0:0:0:0:0:0:0:0:0:0
mtfs-sentinel-dataset-v1,1,952,1380005968,1397770528,126580004,1160000,1,511,0,1,normal,108,Release,record,natural,natural,0,none,0,0,0,0,0,108,9,16,9,0,9,0,29392,3265,10,17,10,0,10,0,89530,8953,2,0,2,0,2,0,2,1,0,0,0,0,0,0,0,23,1,0,0,0,0,0,0,0:0:0:0:0:0:0:0:0:0:0:8:0:0:1:0:0:0:0:0:0:0:0:0:0:0:0:0:0:0:0:0:0:0:0:9:0:0:1:0:0:0:0:0:2:0:0:0:0:0:0:0:0:0:0:0:0:0:0:0:0:0:0:0:0:0
mtfs-sentinel-dataset-v1,1,952,1380005968,1397770528,127740004,1160000,1,511,0,1,normal,109,Release,record,natural,natural,0,none,0,0,0,0,0,109,9,16,9,0,9,0,29164,3240,10,17,10,0,10,0,93613,9361,2,0,2,0,2,0,2,1,0,0,0,0,0,0,0,23,1,0,0,0,0,0,0,0:0:0:0:0:0:0:0:0:0:0:8:0:0:1:0:0:0:0:0:0:0:0:0:0:0:0:0:0:0:0:0:0:0:0:9:0:0:1:0:0:0:0:0:2:0:0:0:0:0:0:0:0:0:0:0:0:0:0:0:0:0:0:0:0:0
mtfs-sentinel-dataset-v1,1,952,1380005968,1397770528,128900004,1160000,1,511,0,1,normal,110,Release,record,natural,natural,0,none,0,0,0,0,0,110,9,16,9,0,9,0,29279,3253,10,17,10,0,10,0,93690,9369,2,0,2,0,2,0,2,1,0,0,0,0,0,0,0,23,1,0,0,0,0,0,0,0:0:0:0:0:0:0:0:0:0:0:8:0:0:1:0:0:0:0:0:0:0:0:0:0:0:0:0:0:0:0:0:0:0:0:9:0:0:1:0:0:0:0:0:2:0:0:0:0:0:0:0:0:0:0:0:0:0:0:0:0:0:0:0:0:0
mtfs-sentinel-dataset-v1,1,952,1380005968,1397770528,130060004,1160000,1,511,0,1,normal,111,Release,record,natural,natural,0,none,0,0,0,0,0,111,9,16,9,0,9,0,29286,3254,10,17,10,0,10,0,93921,9392,2,0,2,0,2,0,2,1,0,0,0,0,0,0,0,23,1,0,0,0,0,0,0,0:0:0:0:0:0:0:0:0:0:0:8:0:0:1:0:0:0:0:0:0:0:0:0:0:0:0:0:0:0:0:0:0:0:0:9:0:0:1:0:0:0:0:0:2:0:0:0:0:0:0:0:0:0:0:0:0:0:0:0:0:0:0:0:0:0
mtfs-sentinel-dataset-v1,1,952,1380005968,1397770528,131220004,1160000,1,511,0,1,normal,112,Release,record,natural,natural,0,none,0,0,0,0,0,112,9,16,9,0,9,0,29258,3250,10,17,10,0,10,0,89579,8957,2,0,2,0,2,0,1,0,0,0,0,0,0,0,0,23,1,0,0,0,0,0,0,0:0:0:0:0:0:0:0:0:0:0:8:0:0:1:0:0:0:0:0:0:0:0:0:0:0:0:0:0:0:0:0:0:0:0:9:0:0:1:0:0:0:0:0:2:0:0:0:0:0:0:0:0:0:0:0:0:0:0:0:0:0:0:0:0:0
mtfs-sentinel-dataset-v1,1,952,1380005968,1397770528,132380004,1160000,1,511,0,1,normal,113,Release,record,natural,natural,0,none,0,0,0,0,0,113,9,16,9,0,9,0,29243,3249,10,17,10,0,10,0,93773,9377,2,0,2,0,2,0,1,0,0,0,0,0,0,0,0,23,1,0,0,0,0,0,0,0:0:0:0:0:0:0:0:0:0:0:8:0:0:1:0:0:0:0:0:0:0:0:0:0:0:0:0:0:0:0:0:0:0:0:9:0:0:1:0:0:0:0:0:2:0:0:0:0:0:0:0:0:0:0:0:0:0:0:0:0:0:0:0:0:0
mtfs-sentinel-dataset-v1,1,952,1380005968,1397770528,133540004,1160000,1,511,0,1,normal,114,Release,record,natural,natural,0,none,0,0,0,0,0,114,9,16,9,0,9,0,29318,3257,10,17,10,0,10,0,93865,9386,2,0,2,0,2,0,1,0,0,0,0,0,0,0,0,23,1,0,0,0,0,0,0,0:0:0:0:0:0:0:0:0:0:0:8:0:0:1:0:0:0:0:0:0:0:0:0:0:0:0:0:0:0:0:0:0:0:0:9:0:0:1:0:0:0:0:0:2:0:0:0:0:0:0:0:0:0:0:0:0:0:0:0:0:0:0:0:0:0
mtfs-sentinel-dataset-v1,1,952,1380005968,1397770528,134700004,1160000,1,511,0,1,normal,115,Release,record,natural,natural,0,none,0,0,0,0,0,115,9,16,9,0,9,0,29249,3249,10,17,10,0,10,0,93807,9380,2,0,2,0,2,0,2,1,0,0,0,0,0,0,0,23,1,0,0,0,0,0,0,0:0:0:0:0:0:0:0:0:0:0:8:0:0:1:0:0:0:0:0:0:0:0:0:0:0:0:0:0:0:0:0:0:0:0:9:0:0:1:0:0:0:0:0:2:0:0:0:0:0:0:0:0:0:0:0:0:0:0:0:0:0:0:0:0:0
mtfs-sentinel-dataset-v1,1,952,1380005968,1397770528,135860004,1160000,1,511,0,1,normal,116,Release,record,natural,natural,0,none,0,0,0,0,0,116,9,16,9,0,9,0,29205,3245,10,17,10,0,10,0,89377,8937,2,0,2,0,2,0,2,1,0,0,0,0,0,0,0,23,1,0,0,0,0,0,0,0:0:0:0:0:0:0:0:0:0:0:8:0:0:1:0:0:0:0:0:0:0:0:0:0:0:0:0:0:0:0:0:0:0:0:9:0:0:1:0:0:0:0:0:2:0:0:0:0:0:0:0:0:0:0:0:0:0:0:0:0:0:0:0:0:0
mtfs-sentinel-dataset-v1,1,952,1380005968,1397770528,137020004,1160000,1,511,0,1,normal,117,Release,record,natural,natural,0,none,0,0,0,0,0,117,9,16,9,0,9,0,29223,3247,10,17,10,0,10,0,93865,9386,2,0,2,0,2,0,2,1,0,0,0,0,0,0,0,23,1,0,0,0,0,0,0,0:0:0:0:0:0:0:0:0:0:0:8:0:0:1:0:0:0:0:0:0:0:0:0:0:0:0:0:0:0:0:0:0:0:0:9:0:0:1:0:0:0:0:0:2:0:0:0:0:0:0:0:0:0:0:0:0:0:0:0:0:0:0:0:0:0
mtfs-sentinel-dataset-v1,1,952,1380005968,1397770528,138190004,1170000,1,511,0,1,normal,118,Release,record,natural,natural,0,none,0,0,0,0,0,118,9,16,9,0,9,0,29398,3266,10,17,10,0,10,0,93889,9388,2,0,2,0,2,0,1,0,0,0,0,0,0,0,0,23,1,0,0,0,0,0,0,0:0:0:0:0:0:0:0:0:0:0:8:0:0:1:0:0:0:0:0:0:0:0:0:0:0:0:0:0:0:0:0:0:0:0:9:0:0:1:0:0:0:0:0:2:0:0:0:0:0:0:0:0:0:0:0:0:0:0:0:0:0:0:0:0:0
mtfs-sentinel-dataset-v1,1,952,1380005968,1397770528,139350004,1160000,1,511,0,1,normal,119,Release,record,natural,natural,0,none,0,0,0,0,0,119,9,16,9,0,9,0,29213,3245,10,17,10,0,10,0,93501,9350,2,0,2,0,2,0,1,0,0,0,0,0,0,0,0,23,1,0,0,0,0,0,0,0:0:0:0:0:0:0:0:0:0:0:8:0:0:1:0:0:0:0:0:0:0:0:0:0:0:0:0:0:0:0:0:0:0:0:9:0:0:1:0:0:0:0:0:2:0:0:0:0:0:0:0:0:0:0:0:0:0:0:0:0:0:0:0:0:0
mtfs-sentinel-dataset-v1,1,952,1380005968,1397770528,140520004,1170000,1,511,0,1,normal,120,Release,record,natural,natural,0,none,0,0,0,0,0,120,9,16,9,0,9,0,29210,3245,10,17,10,0,10,0,94557,9455,2,0,2,0,2,0,1,0,0,0,0,0,0,0,0,23,1,0,0,0,0,0,0,0:0:0:0:0:0:0:0:0:0:0:8:0:0:1:0:0:0:0:0:0:0:0:0:0:0:0:0:0:0:0:0:0:0:0:8:1:0:1:0:0:0:0:0:2:0:0:0:0:0:0:0:0:0:0:0:0:0:0:0:0:0:0:0:0:0
mtfs-sentinel-dataset-v1,1,952,1380005968,1397770528,141680004,1160000,1,511,0,1,normal,121,Release,record,natural,natural,0,none,0,0,0,0,0,121,9,16,9,0,9,0,29310,3256,10,17,10,0,10,0,92349,9234,2,0,2,0,2,0,1,0,0,0,0,0,0,0,0,23,1,0,0,0,0,0,0,0:0:0:0:0:0:0:0:0:0:0:8:0:0:1:0:0:0:0:0:0:0:0:0:0:0:0:0:0:0:0:0:0:0:0:9:0:0:1:0:0:0:0:0:2:0:0:0:0:0:0:0:0:0:0:0:0:0:0:0:0:0:0:0:0:0
mtfs-sentinel-dataset-v1,1,952,1380005968,1397770528,142910004,1230000,1,511,0,1,normal,122,Release,record,natural,natural,0,none,0,0,0,0,0,122,9,16,9,0,9,0,29037,3226,10,17,10,0,10,0,162205,16220,2,0,2,0,2,0,2,1,0,0,0,0,0,0,0,23,1,0,0,0,0,0,0,0:0:0:0:0:0:0:0:0:0:0:8:0:0:1:0:0:0:0:0:0:0:0:0:0:0:0:0:0:0:0:0:0:0:0:9:0:0:0:1:0:0:0:0:2:0:0:0:0:0:0:0:0:0:0:0:0:0:0:0:0:0:0:0:0:0
mtfs-sentinel-dataset-v1,1,952,1380005968,1397770528,144080004,1170000,1,511,0,1,normal,123,Release,record,natural,natural,0,none,0,0,0,0,0,123,9,16,9,0,9,0,29321,3257,10,17,10,0,10,0,94597,9459,2,0,2,0,2,0,2,1,0,0,0,0,0,0,0,23,1,0,0,0,0,0,0,0:0:0:0:0:0:0:0:0:0:0:8:0:0:1:0:0:0:0:0:0:0:0:0:0:0:0:0:0:0:0:0:0:0:0:9:0:0:1:0:0:0:0:0:2:0:0:0:0:0:0:0:0:0:0:0:0:0:0:0:0:0:0:0:0:0
mtfs-sentinel-dataset-v1,1,952,1380005968,1397770528,145240004,1160000,1,511,0,1,normal,124,Release,record,natural,natural,0,none,0,0,0,0,0,124,9,16,9,0,9,0,29416,3268,10,17,10,0,10,0,89065,8906,2,0,2,0,2,0,2,1,0,0,0,0,0,0,0,23,1,0,0,0,0,0,0,0:0:0:0:0:0:0:0:0:0:0:8:0:0:1:0:0:0:0:0:0:0:0:0:0:0:0:0:0:0:0:0:0:0:0:9:0:0:1:0:0:0:0:0:2:0:0:0:0:0:0:0:0:0:0:0:0:0:0:0:0:0:0:0:0:0
mtfs-sentinel-dataset-v1,1,952,1380005968,1397770528,146400004,1160000,1,511,0,1,normal,125,Release,record,natural,natural,0,none,0,0,0,0,0,125,9,16,9,0,9,0,29346,3260,10,17,10,0,10,0,91971,9197,2,0,2,0,2,0,1,0,0,0,0,0,0,0,0,23,1,0,0,0,0,0,0,0:0:0:0:0:0:0:0:0:0:0:8:0:0:1:0:0:0:0:0:0:0:0:0:0:0:0:0:0:0:0:0:0:0:0:9:0:0:1:0:0:0:0:0:2:0:0:0:0:0:0:0:0:0:0:0:0:0:0:0:0:0:0:0:0:0
mtfs-sentinel-dataset-v1,1,952,1380005968,1397770528,147560004,1160000,1,511,0,1,normal,126,Release,record,natural,natural,0,none,0,0,0,0,0,126,9,16,9,0,9,0,29187,3243,10,17,10,0,10,0,93095,9309,2,0,2,0,2,0,2,1,0,0,0,0,0,0,0,23,1,0,0,0,0,0,0,0:0:0:0:0:0:0:0:0:0:0:8:0:0:1:0:0:0:0:0:0:0:0:0:0:0:0:0:0:0:0:0:0:0:0:9:0:0:1:0:0:0:0:0:2:0:0:0:0:0:0:0:0:0:0:0:0:0:0:0:0:0:0:0:0:0
mtfs-sentinel-dataset-v1,1,952,1380005968,1397770528,148730004,1170000,1,511,0,1,normal,127,Release,record,natural,natural,0,none,0,0,0,0,0,127,9,16,9,0,9,0,29356,3261,10,17,10,0,10,0,94844,9484,2,0,2,0,2,0,2,1,0,0,0,0,0,0,0,23,1,0,0,0,0,0,0,0:0:0:0:0:0:0:0:0:0:0:8:0:0:1:0:0:0:0:0:0:0:0:0:0:0:0:0:0:0:0:0:0:0:0:9:0:0:1:0:0:0:0:0:2:0:0:0:0:0:0:0:0:0:0:0:0:0:0:0:0:0:0:0:0:0
mtfs-sentinel-dataset-v1,1,952,1380005968,1397770528,149890004,1160000,1,511,0,1,normal,128,Release,record,natural,natural,0,none,0,0,0,0,0,128,9,16,9,0,9,0,29278,3253,10,17,10,0,10,0,89280,8928,2,0,2,0,2,0,2,1,0,0,0,0,0,0,0,23,1,0,0,0,0,0,0,0:0:0:0:0:0:0:0:0:0:0:8:0:0:1:0:0:0:0:0:0:0:0:0:0:0:0:0:0:0:0:0:0:0:0:9:0:0:1:0:0:0:0:0:2:0:0:0:0:0:0:0:0:0:0:0:0:0:0:0:0:0:0:0:0:0
mtfs-sentinel-dataset-v1,1,952,1380005968,1397770528,151050004,1160000,1,511,0,1,normal,129,Release,record,natural,natural,0,none,0,0,0,0,0,129,9,16,9,0,9,0,29313,3257,10,17,10,0,10,0,92268,9226,2,0,2,0,2,0,1,0,0,0,0,0,0,0,0,23,1,0,0,0,0,0,0,0:0:0:0:0:0:0:0:0:0:0:8:0:0:1:0:0:0:0:0:0:0:0:0:0:0:0:0:0:0:0:0:0:0:0:9:0:0:1:0:0:0:0:0:2:0:0:0:0:0:0:0:0:0:0:0:0:0:0:0:0:0:0:0:0:0
mtfs-sentinel-dataset-v1,1,952,1380005968,1397770528,152210004,1160000,1,511,0,1,normal,130,Release,record,natural,natural,0,none,0,0,0,0,0,130,9,16,9,0,9,0,29171,3241,10,17,10,0,10,0,93593,9359,2,0,2,0,2,0,0,0,0,0,0,0,0,0,0,23,1,0,0,0,0,0,0,0:0:0:0:0:0:0:0:0:0:0:8:0:0:1:0:0:0:0:0:0:0:0:0:0:0:0:0:0:0:0:0:0:0:0:9:0:0:1:0:0:0:0:0:2:0:0:0:0:0:0:0:0:0:0:0:0:0:0:0:0:0:0:0:0:0
mtfs-sentinel-dataset-v1,1,952,1380005968,1397770528,153380004,1170000,1,511,0,1,normal,131,Release,record,natural,natural,0,none,0,0,0,0,0,131,9,16,9,0,9,0,29286,3254,10,17,10,0,10,0,94464,9446,2,0,2,0,2,0,1,0,0,0,0,0,0,0,0,23,1,0,0,0,0,0,0,0:0:0:0:0:0:0:0:0:0:0:8:0:0:1:0:0:0:0:0:0:0:0:0:0:0:0:0:0:0:0:0:0:0:0:9:0:0:1:0:0:0:0:0:2:0:0:0:0:0:0:0:0:0:0:0:0:0:0:0:0:0:0:0:0:0
mtfs-sentinel-dataset-v1,1,952,1380005968,1397770528,154540004,1160000,1,511,0,1,normal,132,Release,record,natural,natural,0,none,0,0,0,0,0,132,9,16,9,0,9,0,29318,3257,10,17,10,0,10,0,89128,8912,2,0,2,0,2,0,0,0,0,0,0,0,0,0,0,23,1,0,0,0,0,0,0,0:0:0:0:0:0:0:0:0:0:0:8:0:0:1:0:0:0:0:0:0:0:0:0:0:0:0:0:0:0:0:0:0:0:0:9:0:0:1:0:0:0:0:0:2:0:0:0:0:0:0:0:0:0:0:0:0:0:0:0:0:0:0:0:0:0
mtfs-sentinel-dataset-v1,1,952,1380005968,1397770528,155700004,1160000,1,511,0,1,normal,133,Release,record,natural,natural,0,none,0,0,0,0,0,133,9,16,9,0,9,0,29164,3240,10,17,10,0,10,0,91903,9190,2,0,2,0,2,0,2,1,0,0,0,0,0,0,0,23,1,0,0,0,0,0,0,0:0:0:0:0:0:0:0:0:0:0:8:0:0:1:0:0:0:0:0:0:0:0:0:0:0:0:0:0:0:0:0:0:0:0:9:0:0:1:0:0:0:0:0:2:0:0:0:0:0:0:0:0:0:0:0:0:0:0:0:0:0:0:0:0:0
mtfs-sentinel-dataset-v1,1,952,1380005968,1397770528,156860004,1160000,1,511,0,1,normal,134,Release,record,natural,natural,0,none,0,0,0,0,0,134,9,16,9,0,9,0,29308,3256,10,17,10,0,10,0,92725,9272,2,0,2,0,2,0,2,1,0,0,0,0,0,0,0,23,1,0,0,0,0,0,0,0:0:0:0:0:0:0:0:0:0:0:8:0:0:1:0:0:0:0:0:0:0:0:0:0:0:0:0:0:0:0:0:0:0:0:9:0:0:1:0:0:0:0:0:2:0:0:0:0:0:0:0:0:0:0:0:0:0:0:0:0:0:0:0:0:0
mtfs-sentinel-dataset-v1,1,952,1380005968,1397770528,158030004,1170000,1,511,0,1,normal,135,Release,record,natural,natural,0,none,0,0,0,0,0,135,9,16,9,0,9,0,29252,3250,10,17,10,0,10,0,100318,10031,2,0,2,0,2,0,2,1,0,0,0,0,0,0,0,23,1,0,0,0,0,0,0,0:0:0:0:0:0:0:0:0:0:0:8:0:0:1:0:0:0:0:0:0:0:0:0:0:0:0:0:0:0:0:0:0:0:0:8:1:0:1:0:0:0:0:0:2:0:0:0:0:0:0:0:0:0:0:0:0:0:0:0:0:0:0:0:0:0
mtfs-sentinel-dataset-v1,1,952,1380005968,1397770528,159190004,1160000,1,511,0,1,normal,136,Release,record,natural,natural,0,none,0,0,0,0,0,136,9,16,9,0,9,0,29198,3244,10,17,10,0,10,0,87787,8778,2,0,2,0,2,0,1,0,0,0,0,0,0,0,0,23,1,0,0,0,0,0,0,0:0:0:0:0:0:0:0:0:0:0:8:0:0:1:0:0:0:0:0:0:0:0:0:0:0:0:0:0:0:0:0:0:0:0:9:0:0:1:0:0:0:0:0:2:0:0:0:0:0:0:0:0:0:0:0:0:0:0:0:0:0:0:0:0:0
mtfs-sentinel-dataset-v1,1,952,1380005968,1397770528,160350004,1160000,1,511,0,1,normal,137,Release,record,natural,natural,0,none,0,0,0,0,0,137,9,16,9,0,9,0,29190,3243,10,17,10,0,10,0,91359,9135,2,0,2,0,2,0,2,1,0,0,0,0,0,0,0,23,1,0,0,0,0,0,0,0:0:0:0:0:0:0:0:0:0:0:8:0:0:1:0:0:0:0:0:0:0:0:0:0:0:0:0:0:0:0:0:0:0:0:9:0:0:1:0:0:0:0:0:2:0:0:0:0:0:0:0:0:0:0:0:0:0:0:0:0:0:0:0:0:0
mtfs-sentinel-dataset-v1,1,952,1380005968,1397770528,161510004,1160000,1,511,0,1,normal,138,Release,record,natural,natural,0,none,0,0,0,0,0,138,9,16,9,0,9,0,29180,3242,10,17,10,0,10,0,92701,9270,2,0,2,0,2,0,0,0,0,0,0,0,0,0,0,23,1,0,0,0,0,0,0,0:0:0:0:0:0:0:0:0:0:0:8:0:0:1:0:0:0:0:0:0:0:0:0:0:0:0:0:0:0:0:0:0:0:0:9:0:0:1:0:0:0:0:0:2:0:0:0:0:0:0:0:0:0:0:0:0:0:0:0:0:0:0:0:0:0
mtfs-sentinel-dataset-v1,1,952,1380005968,1397770528,162680004,1170000,1,511,0,1,normal,139,Release,record,natural,natural,0,none,0,0,0,0,0,139,9,16,9,0,9,0,29347,3260,10,17,10,0,10,0,93989,9398,2,0,2,0,2,0,2,1,0,0,0,0,0,0,0,23,1,0,0,0,0,0,0,0:0:0:0:0:0:0:0:0:0:0:8:0:0:1:0:0:0:0:0:0:0:0:0:0:0:0:0:0:0:0:0:0:0:0:9:0:0:1:0:0:0:0:0:2:0:0:0:0:0:0:0:0:0:0:0:0:0:0:0:0:0:0:0:0:0
mtfs-sentinel-dataset-v1,1,952,1380005968,1397770528,163840004,1160000,1,511,0,1,normal,140,Release,record,natural,natural,0,none,0,0,0,0,0,140,9,16,9,0,9,0,29239,3248,10,17,10,0,10,0,89016,8901,2,0,2,0,2,0,1,0,0,0,0,0,0,0,0,23,1,0,0,0,0,0,0,0:0:0:0:0:0:0:0:0:0:0:8:0:0:1:0:0:0:0:0:0:0:0:0:0:0:0:0:0:0:0:0:0:0:0:9:0:0:1:0:0:0:0:0:2:0:0:0:0:0:0:0:0:0:0:0:0:0:0:0:0:0:0:0:0:0
mtfs-sentinel-dataset-v1,1,952,1380005968,1397770528,165000004,1160000,1,511,0,1,normal,141,Release,record,natural,natural,0,none,0,0,0,0,0,141,9,16,9,0,9,0,29217,3246,10,17,10,0,10,0,91801,9180,2,0,2,0,2,0,2,1,0,0,0,0,0,0,0,23,1,0,0,0,0,0,0,0:0:0:0:0:0:0:0:0:0:0:8:0:0:1:0:0:0:0:0:0:0:0:0:0:0:0:0:0:0:0:0:0:0:0:9:0:0:1:0:0:0:0:0:2:0:0:0:0:0:0:0:0:0:0:0:0:0:0:0:0:0:0:0:0:0
mtfs-sentinel-dataset-v1,1,952,1380005968,1397770528,166160004,1160000,1,511,0,1,normal,142,Release,record,natural,natural,0,none,0,0,0,0,0,142,9,16,9,0,9,0,29233,3248,10,17,10,0,10,0,92625,9262,2,0,2,0,2,0,2,1,0,0,0,0,0,0,0,23,1,0,0,0,0,0,0,0:0:0:0:0:0:0:0:0:0:0:8:0:0:1:0:0:0:0:0:0:0:0:0:0:0:0:0:0:0:0:0:0:0:0:9:0:0:1:0:0:0:0:0:2:0:0:0:0:0:0:0:0:0:0:0:0:0:0:0:0:0:0:0:0:0
mtfs-sentinel-dataset-v1,1,952,1380005968,1397770528,167780004,1620000,1,511,0,1,normal,143,Release,record,natural,natural,0,none,0,0,0,0,0,143,9,16,9,0,9,0,29113,3234,10,17,10,0,10,0,547973,54797,2,0,2,0,2,0,1,0,0,0,0,0,0,0,0,23,1,0,0,0,0,0,0,0:0:0:0:0:0:0:0:0:0:0:8:0:0:1:0:0:0:0:0:0:0:0:0:0:0:0:0:0:0:0:0:0:0:0:1:0:0:8:1:0:0:0:0:2:0:0:0:0:0:0:0:0:0:0:0:0:0:0:0:0:0:0:0:0:0
mtfs-sentinel-dataset-v1,1,952,1380005968,1397770528,169130004,1350000,1,511,0,1,normal,144,Release,record,natural,natural,0,none,0,0,0,0,0,144,9,16,9,0,9,0,29188,3243,10,17,10,0,10,0,282316,28231,2,0,2,0,2,0,2,1,0,0,0,0,0,0,0,23,1,0,0,0,0,0,0,0:0:0:0:0:0:0:0:0:0:0:8:0:0:1:0:0:0:0:0:0:0:0:0:0:0:0:0:0:0:0:0:0:0:0:8:0:0:1:1:0:0:0:0:2:0:0:0:0:0:0:0:0:0:0:0:0:0:0:0:0:0:0:0:0:0
mtfs-sentinel-dataset-v1,1,952,1380005968,1397770528,170290004,1160000,1,511,0,1,normal,145,Release,record,natural,natural,0,none,0,0,0,0,0,145,9,16,9,0,9,0,29416,3268,10,17,10,0,10,0,92196,9219,2,0,2,0,2,0,1,0,0,0,0,0,0,0,0,23,1,0,0,0,0,0,0,0:0:0:0:0:0:0:0:0:0:0:8:0:0:1:0:0:0:0:0:0:0:0:0:0:0:0:0:0:0:0:0:0:0:0:9:0:0:1:0:0:0:0:0:2:0:0:0:0:0:0:0:0:0:0:0:0:0:0:0:0:0:0:0:0:0
mtfs-sentinel-dataset-v1,1,952,1380005968,1397770528,171450004,1160000,1,511,0,1,normal,146,Release,record,natural,natural,0,none,0,0,0,0,0,146,9,16,9,0,9,0,29221,3246,10,17,10,0,10,0,92894,9289,2,0,2,0,2,0,1,0,0,0,0,0,0,0,0,23,1,0,0,0,0,0,0,0:0:0:0:0:0:0:0:0:0:0:8:0:0:1:0:0:0:0:0:0:0:0:0:0:0:0:0:0:0:0:0:0:0:0:9:0:0:1:0:0:0:0:0:2:0:0:0:0:0:0:0:0:0:0:0:0:0:0:0:0:0:0:0:0:0
mtfs-sentinel-dataset-v1,1,952,1380005968,1397770528,172620004,1170000,1,511,0,1,normal,147,Release,record,natural,natural,0,none,0,0,0,0,0,147,9,16,9,0,9,0,29338,3259,10,17,10,0,10,0,94845,9484,2,0,2,0,2,0,1,0,0,0,0,0,0,0,0,23,1,0,0,0,0,0,0,0:0:0:0:0:0:0:0:0:0:0:8:0:0:1:0:0:0:0:0:0:0:0:0:0:0:0:0:0:0:0:0:0:0:0:9:0:0:1:0:0:0:0:0:2:0:0:0:0:0:0:0:0:0:0:0:0:0:0:0:0:0:0:0:0:0
mtfs-sentinel-dataset-v1,1,952,1380005968,1397770528,173780004,1160000,1,511,0,1,normal,148,Release,record,natural,natural,0,none,0,0,0,0,0,148,9,16,9,0,9,0,29280,3253,10,17,10,0,10,0,88877,8887,2,0,2,0,2,0,2,1,0,0,0,0,0,0,0,23,1,0,0,0,0,0,0,0:0:0:0:0:0:0:0:0:0:0:8:0:0:1:0:0:0:0:0:0:0:0:0:0:0:0:0:0:0:0:0:0:0:0:9:0:0:1:0:0:0:0:0:2:0:0:0:0:0:0:0:0:0:0:0:0:0:0:0:0:0:0:0:0:0
mtfs-sentinel-dataset-v1,1,952,1380005968,1397770528,174940004,1160000,1,511,0,1,normal,149,Release,record,natural,natural,0,none,0,0,0,0,0,149,9,16,9,0,9,0,29295,3255,10,17,10,0,10,0,91630,9163,2,0,2,0,2,0,2,1,0,0,0,0,0,0,0,23,1,0,0,0,0,0,0,0:0:0:0:0:0:0:0:0:0:0:8:0:0:1:0:0:0:0:0:0:0:0:0:0:0:0:0:0:0:0:0:0:0:0:9:0:0:1:0:0:0:0:0:2:0:0:0:0:0:0:0:0:0:0:0:0:0:0:0:0:0:0:0:0:0
mtfs-sentinel-dataset-v1,1,952,1380005968,1397770528,176110004,1170000,1,511,0,1,normal,150,Release,record,natural,natural,0,none,0,0,0,0,0,150,9,16,9,0,9,0,29202,3244,10,17,10,0,10,0,98853,9885,2,0,2,0,2,0,1,0,0,0,0,0,0,0,0,23,1,0,0,0,0,0,0,0:0:0:0:0:0:0:0:0:0:0:8:0:0:1:0:0:0:0:0:0:0:0:0:0:0:0:0:0:0:0:0:0:0:0:8:1:0:1:0:0:0:0:0:2:0:0:0:0:0:0:0:0:0:0:0:0:0:0:0:0:0:0:0:0:0
mtfs-sentinel-dataset-v1,1,952,1380005968,1397770528,177270004,1160000,1,511,0,1,normal,151,Release,record,natural,natural,0,none,0,0,0,0,0,151,9,16,9,0,9,0,29284,3253,10,17,10,0,10,0,93878,9387,2,0,2,0,2,0,1,0,0,0,0,0,0,0,0,23,1,0,0,0,0,0,0,0:0:0:0:0:0:0:0:0:0:0:8:0:0:1:0:0:0:0:0:0:0:0:0:0:0:0:0:0:0:0:0:0:0:0:9:0:0:1:0:0:0:0:0:2:0:0:0:0:0:0:0:0:0:0:0:0:0:0:0:0:0:0:0:0:0
mtfs-sentinel-dataset-v1,1,952,1380005968,1397770528,178430004,1160000,1,511,0,1,normal,152,Release,record,natural,natural,0,none,0,0,0,0,0,152,9,16,9,0,9,0,29252,3250,10,17,10,0,10,0,88430,8843,2,0,2,0,2,0,2,1,0,0,0,0,0,0,0,23,1,0,0,0,0,0,0,0:0:0:0:0:0:0:0:0:0:0:8:0:0:1:0:0:0:0:0:0:0:0:0:0:0:0:0:0:0:0:0:0:0:0:9:0:0:1:0:0:0:0:0:2:0:0:0:0:0:0:0:0:0:0:0:0:0:0:0:0:0:0:0:0:0
mtfs-sentinel-dataset-v1,1,952,1380005968,1397770528,179590004,1160000,1,511,0,1,normal,153,Release,record,natural,natural,0,none,0,0,0,0,0,153,9,16,9,0,9,0,29365,3262,10,17,10,0,10,0,91398,9139,2,0,2,0,2,0,2,1,0,0,0,0,0,0,0,23,1,0,0,0,0,0,0,0:0:0:0:0:0:0:0:0:0:0:8:0:0:1:0:0:0:0:0:0:0:0:0:0:0:0:0:0:0:0:0:0:0:0:9:0:0:1:0:0:0:0:0:2:0:0:0:0:0:0:0:0:0:0:0:0:0:0:0:0:0:0:0:0:0
mtfs-sentinel-dataset-v1,1,952,1380005968,1397770528,180750004,1160000,1,511,0,1,normal,154,Release,record,natural,natural,0,none,0,0,0,0,0,154,9,16,9,0,9,0,29291,3254,10,17,10,0,10,0,92946,9294,2,0,2,0,2,0,2,1,0,0,0,0,0,0,0,23,1,0,0,0,0,0,0,0:0:0:0:0:0:0:0:0:0:0:8:0:0:1:0:0:0:0:0:0:0:0:0:0:0:0:0:0:0:0:0:0:0:0:9:0:0:1:0:0:0:0:0:2:0:0:0:0:0:0:0:0:0:0:0:0:0:0:0:0:0:0:0:0:0
mtfs-sentinel-dataset-v1,1,952,1380005968,1397770528,181920004,1170000,1,511,0,1,normal,155,Release,record,natural,natural,0,none,0,0,0,0,0,155,9,16,9,0,9,0,29308,3256,10,17,10,0,10,0,94739,9473,2,0,2,0,2,0,2,1,0,0,0,0,0,0,0,23,1,0,0,0,0,0,0,0:0:0:0:0:0:0:0:0:0:0:8:0:0:1:0:0:0:0:0:0:0:0:0:0:0:0:0:0:0:0:0:0:0:0:9:0:0:1:0:0:0:0:0:2:0:0:0:0:0:0:0:0:0:0:0:0:0:0:0:0:0:0:0:0:0
mtfs-sentinel-dataset-v1,1,952,1380005968,1397770528,183080004,1160000,1,511,0,1,normal,156,Release,record,natural,natural,0,none,0,0,0,0,0,156,9,16,9,0,9,0,29275,3252,10,17,10,0,10,0,89304,8930,2,0,2,0,2,0,2,1,0,0,0,0,0,0,0,23,1,0,0,0,0,0,0,0:0:0:0:0:0:0:0:0:0:0:8:0:0:1:0:0:0:0:0:0:0:0:0:0:0:0:0:0:0:0:0:0:0:0:9:0:0:1:0:0:0:0:0:2:0:0:0:0:0:0:0:0:0:0:0:0:0:0:0:0:0:0:0:0:0
mtfs-sentinel-dataset-v1,1,952,1380005968,1397770528,184240004,1160000,1,511,0,1,normal,157,Release,record,natural,natural,0,none,0,0,0,0,0,157,9,16,9,0,9,0,29354,3261,10,17,10,0,10,0,91957,9195,2,0,2,0,2,0,1,0,0,0,0,0,0,0,0,23,1,0,0,0,0,0,0,0:0:0:0:0:0:0:0:0:0:0:8:0:0:1:0:0:0:0:0:0:0:0:0:0:0:0:0:0:0:0:0:0:0:0:9:0:0:1:0:0:0:0:0:2:0:0:0:0:0:0:0:0:0:0:0:0:0:0:0:0:0:0:0:0:0
mtfs-sentinel-dataset-v1,1,952,1380005968,1397770528,185400004,1160000,1,511,0,1,normal,158,Release,record,natural,natural,0,none,0,0,0,0,0,158,9,16,9,0,9,0,29294,3254,10,17,10,0,10,0,93297,9329,2,0,2,0,2,0,2,1,0,0,0,0,0,0,0,23,1,0,0,0,0,0,0,0:0:0:0:0:0:0:0:0:0:0:8:0:0:1:0:0:0:0:0:0:0:0:0:0:0:0:0:0:0:0:0:0:0:0:9:0:0:1:0:0:0:0:0:2:0:0:0:0:0:0:0:0:0:0:0:0:0:0:0:0:0:0:0:0:0
mtfs-sentinel-dataset-v1,1,952,1380005968,1397770528,186570004,1170000,1,511,0,1,normal,159,Release,record,natural,natural,0,none,0,0,0,0,0,159,9,16,9,0,9,0,29324,3258,10,17,10,0,10,0,94755,9475,2,0,2,0,2,0,2,1,0,0,0,0,0,0,0,23,1,0,0,0,0,0,0,0:0:0:0:0:0:0:0:0:0:0:8:0:0:1:0:0:0:0:0:0:0:0:0:0:0:0:0:0:0:0:0:0:0:0:9:0:0:1:0:0:0:0:0:2:0:0:0:0:0:0:0:0:0:0:0:0:0:0:0:0:0:0:0:0:0
mtfs-sentinel-dataset-v1,1,952,1380005968,1397770528,187730004,1160000,1,511,0,1,normal,160,Release,record,natural,natural,0,none,0,0,0,0,0,160,9,16,9,0,9,0,29292,3254,10,17,10,0,10,0,88882,8888,2,0,2,0,2,0,2,1,0,0,0,0,0,0,0,23,1,0,0,0,0,0,0,0:0:0:0:0:0:0:0:0:0:0:8:0:0:1:0:0:0:0:0:0:0:0:0:0:0:0:0:0:0:0:0:0:0:0:9:0:0:1:0:0:0:0:0:2:0:0:0:0:0:0:0:0:0:0:0:0:0:0:0:0:0:0:0:0:0
mtfs-sentinel-dataset-v1,1,952,1380005968,1397770528,188890004,1160000,1,511,0,1,normal,161,Release,record,natural,natural,0,none,0,0,0,0,0,161,9,16,9,0,9,0,29409,3267,10,17,10,0,10,0,91682,9168,2,0,2,0,2,0,0,0,0,0,0,0,0,0,0,23,1,0,0,0,0,0,0,0:0:0:0:0:0:0:0:0:0:0:8:0:0:1:0:0:0:0:0:0:0:0:0:0:0:0:0:0:0:0:0:0:0:0:9:0:0:1:0:0:0:0:0:2:0:0:0:0:0:0:0:0:0:0:0:0:0:0:0:0:0:0:0:0:0
mtfs-sentinel-dataset-v1,1,952,1380005968,1397770528,190050004,1160000,1,511,0,1,normal,162,Release,record,natural,natural,0,none,0,0,0,0,0,162,9,16,9,0,9,0,29301,3255,10,17,10,0,10,0,92944,9294,2,0,2,0,2,0,0,0,0,0,0,0,0,0,0,23,1,0,0,0,0,0,0,0:0:0:0:0:0:0:0:0:0:0:8:0:0:1:0:0:0:0:0:0:0:0:0:0:0:0:0:0:0:0:0:0:0:0:9:0:0:1:0:0:0:0:0:2:0:0:0:0:0:0:0:0:0:0:0:0:0:0:0:0:0:0:0:0:0
mtfs-sentinel-dataset-v1,1,952,1380005968,1397770528,191220004,1170000,1,511,0,1,normal,163,Release,record,natural,natural,0,none,0,0,0,0,0,163,9,16,9,0,9,0,29336,3259,10,17,10,0,10,0,94109,9410,2,0,2,0,2,0,0,0,0,0,0,0,0,0,0,23,1,0,0,0,0,0,0,0:0:0:0:0:0:0:0:0:0:0:8:0:0:1:0:0:0:0:0:0:0:0:0:0:0:0:0:0:0:0:0:0:0:0:9:0:0:1:0:0:0:0:0:2:0:0:0:0:0:0:0:0:0:0:0:0:0:0:0:0:0:0:0:0:0
mtfs-sentinel-dataset-v1,1,952,1380005968,1397770528,192380004,1160000,1,511,0,1,normal,164,Release,record,natural,natural,0,none,0,0,0,0,0,164,9,16,9,0,9,0,29378,3264,10,17,10,0,10,0,88154,8815,2,0,2,0,2,0,1,0,0,0,0,0,0,0,0,23,1,0,0,0,0,0,0,0:0:0:0:0:0:0:0:0:0:0:8:0:0:1:0:0:0:0:0:0:0:0:0:0:0:0:0:0:0:0:0:0:0:0:9:0:0:1:0:0:0:0:0:2:0:0:0:0:0:0:0:0:0:0:0:0:0:0:0:0:0:0:0:0:0
mtfs-sentinel-dataset-v1,1,952,1380005968,1397770528,193550004,1170000,1,511,0,1,normal,165,Release,record,natural,natural,0,none,0,0,0,0,0,165,9,16,9,0,9,0,29234,3248,10,17,10,0,10,0,98578,9857,2,0,2,0,2,0,2,1,0,0,0,0,0,0,0,23,1,0,0,0,0,0,0,0:0:0:0:0:0:0:0:0:0:0:8:0:0:1:0:0:0:0:0:0:0:0:0:0:0:0:0:0:0:0:0:0:0:0:9:0:0:1:0:0:0:0:0:2:0:0:0:0:0:0:0:0:0:0:0:0:0:0:0:0:0:0:0:0:0
mtfs-sentinel-dataset-v1,1,952,1380005968,1397770528,194900004,1350000,1,511,0,1,normal,166,Release,record,natural,natural,0,none,0,0,0,0,0,166,9,16,9,0,9,0,29008,3223,10,17,10,0,10,0,274919,27491,2,0,2,0,2,0,2,1,0,0,0,0,0,0,0,23,1,0,0,0,0,0,0,0:0:0:0:0:0:0:0:0:0:0:8:0:0:1:0:0:0:0:0:0:0:0:0:0:0:0:0:0:0:0:0:0:0:0:5:0:0:5:0:0:0:0:0:2:0:0:0:0:0:0:0:0:0:0:0:0:0:0:0:0:0:0:0:0:0
mtfs-sentinel-dataset-v1,1,952,1380005968,1397770528,196850004,1950000,1,511,0,1,normal,167,Release,record,natural,natural,0,none,0,0,0,0,0,167,9,16,9,0,9,0,29326,3258,10,17,10,0,10,0,876650,87665,2,0,2,0,2,0,1,0,0,0,0,0,0,0,0,23,1,0,0,0,0,0,0,0:0:0:0:0:0:0:0:0:0:0:8:0:0:1:0:0:0:0:0:0:0:0:0:0:0:0:0:0:0:0:0:0:0:0:0:0:0:9:0:1:0:0:0:2:0:0:0:0:0:0:0:0:0:0:0:0:0:0:0:0:0:0:0:0:0
mtfs-sentinel-dataset-v1,1,952,1380005968,1397770528,198390004,1540000,1,511,0,1,normal,168,Release,record,natural,natural,0,none,0,0,0,0,0,168,9,16,9,0,9,0,29251,3250,10,17,10,0,10,0,471485,47148,2,0,2,0,2,0,2,1,0,0,0,0,0,0,0,23,1,0,0,0,0,0,0,0:0:0:0:0:0:0:0:0:0:0:8:0:0:1:0:0:0:0:0:0:0:0:0:0:0:0:0:0:0:0:0:0:0:0:8:0:0:1:0:1:0:0:0:2:0:0:0:0:0:0:0:0:0:0:0:0:0:0:0:0:0:0:0:0:0
mtfs-sentinel-dataset-v1,1,952,1380005968,1397770528,199550004,1160000,1,511,0,1,normal,169,Release,record,natural,natural,0,none,0,0,0,0,0,169,9,16,9,0,9,0,29418,3268,10,17,10,0,10,0,89694,8969,2,0,2,0,2,0,2,1,0,0,0,0,0,0,0,23,1,0,0,0,0,0,0,0:0:0:0:0:0:0:0:0:0:0:8:0:0:1:0:0:0:0:0:0:0:0:0:0:0:0:0:0:0:0:0:0:0:0:9:0:0:1:0:0:0:0:0:2:0:0:0:0:0:0:0:0:0:0:0:0:0:0:0:0:0:0:0:0:0
mtfs-sentinel-dataset-v1,1,952,1380005968,1397770528,200710004,1160000,1,511,0,1,normal,170,Release,record,natural,natural,0,none,0,0,0,0,0,170,9,16,9,0,9,0,29223,3247,10,17,10,0,10,0,90787,9078,2,0,2,0,2,0,2,1,0,0,0,0,0,0,0,23,1,0,0,0,0,0,0,0:0:0:0:0:0:0:0:0:0:0:8:0:0:1:0:0:0:0:0:0:0:0:0:0:0:0:0:0:0:0:0:0:0:0:9:0:0:1:0:0:0:0:0:2:0:0:0:0:0:0:0:0:0:0:0:0:0:0:0:0:0:0:0:0:0
mtfs-sentinel-dataset-v1,1,952,1380005968,1397770528,201880004,1170000,1,511,0,1,normal,171,Release,record,natural,natural,0,none,0,0,0,0,0,171,9,16,9,0,9,0,29321,3257,10,17,10,0,10,0,94754,9475,2,0,2,0,2,0,2,1,0,0,0,0,0,0,0,23,1,0,0,0,0,0,0,0:0:0:0:0:0:0:0:0:0:0:8:0:0:1:0:0:0:0:0:0:0:0:0:0:0:0:0:0:0:0:0:0:0:0:9:0:0:1:0:0:0:0:0:2:0:0:0:0:0:0:0:0:0:0:0:0:0:0:0:0:0:0:0:0:0
mtfs-sentinel-dataset-v1,1,952,1380005968,1397770528,203040004,1160000,1,511,0,1,normal,172,Release,record,natural,natural,0,none,0,0,0,0,0,172,9,16,9,0,9,0,29258,3250,10,17,10,0,10,0,89083,8908,2,0,2,0,2,0,2,1,0,0,0,0,0,0,0,23,1,0,0,0,0,0,0,0:0:0:0:0:0:0:0:0:0:0:8:0:0:1:0:0:0:0:0:0:0:0:0:0:0:0:0:0:0:0:0:0:0:0:9:0:0:1:0:0:0:0:0:2:0:0:0:0:0:0:0:0:0:0:0:0:0:0:0:0:0:0:0:0:0
mtfs-sentinel-dataset-v1,1,952,1380005968,1397770528,204200004,1160000,1,511,0,1,normal,173,Release,record,natural,natural,0,none,0,0,0,0,0,173,9,16,9,0,9,0,29489,3276,10,17,10,0,10,0,92117,9211,2,0,2,0,2,0,1,0,0,0,0,0,0,0,0,23,1,0,0,0,0,0,0,0:0:0:0:0:0:0:0:0:0:0:8:0:0:1:0:0:0:0:0:0:0:0:0:0:0:0:0:0:0:0:0:0:0:0:9:0:0:1:0:0:0:0:0:2:0:0:0:0:0:0:0:0:0:0:0:0:0:0:0:0:0:0:0:0:0
mtfs-sentinel-dataset-v1,1,952,1380005968,1397770528,205360004,1160000,1,511,0,1,normal,174,Release,record,natural,natural,0,none,0,0,0,0,0,174,9,16,9,0,9,0,29218,3246,10,17,10,0,10,0,93356,9335,2,0,2,0,2,0,2,1,0,0,0,0,0,0,0,23,1,0,0,0,0,0,0,0:0:0:0:0:0:0:0:0:0:0:8:0:0:1:0:0:0:0:0:0:0:0:0:0:0:0:0:0:0:0:0:0:0:0:9:0:0:1:0:0:0:0:0:2:0:0:0:0:0:0:0:0:0:0:0:0:0:0:0:0:0:0:0:0:0
mtfs-sentinel-dataset-v1,1,952,1380005968,1397770528,206530004,1170000,1,511,0,1,normal,175,Release,record,natural,natural,0,none,0,0,0,0,0,175,9,16,9,0,9,0,29318,3257,10,17,10,0,10,0,94965,9496,2,0,2,0,2,0,1,0,0,0,0,0,0,0,0,23,1,0,0,0,0,0,0,0:0:0:0:0:0:0:0:0:0:0:8:0:0:1:0:0:0:0:0:0:0:0:0:0:0:0:0:0:0:0:0:0:0:0:9:0:0:1:0:0:0:0:0:2:0:0:0:0:0:0:0:0:0:0:0:0:0:0:0:0:0:0:0:0:0
mtfs-sentinel-dataset-v1,1,952,1380005968,1397770528,207690004,1160000,1,511,0,1,normal,176,Release,record,natural,natural,0,none,0,0,0,0,0,176,9,16,9,0,9,0,29324,3258,10,17,10,0,10,0,89115,8911,2,0,2,0,2,0,1,0,0,0,0,0,0,0,0,23,1,0,0,0,0,0,0,0:0:0:0:0:0:0:0:0:0:0:8:0:0:1:0:0:0:0:0:0:0:0:0:0:0:0:0:0:0:0:0:0:0:0:9:0:0:1:0:0:0:0:0:2:0:0:0:0:0:0:0:0:0:0:0:0:0:0:0:0:0:0:0:0:0
mtfs-sentinel-dataset-v1,1,952,1380005968,1397770528,208850004,1160000,1,511,0,1,normal,177,Release,record,natural,natural,0,none,0,0,0,0,0,177,9,16,9,0,9,0,29455,3272,10,17,10,0,10,0,92072,9207,2,0,2,0,2,0,2,1,0,0,0,0,0,0,0,23,1,0,0,0,0,0,0,0:0:0:0:0:0:0:0:0:0:0:8:0:0:1:0:0:0:0:0:0:0:0:0:0:0:0:0:0:0:0:0:0:0:0:9:0:0:1:0:0:0:0:0:2:0:0:0:0:0:0:0:0:0:0:0:0:0:0:0:0:0:0:0:0:0
mtfs-sentinel-dataset-v1,1,952,1380005968,1397770528,210010004,1160000,1,511,0,1,normal,178,Release,record,natural,natural,0,none,0,0,0,0,0,178,9,16,9,0,9,0,29371,3263,10,17,10,0,10,0,92989,9298,2,0,2,0,2,0,2,1,0,0,0,0,0,0,0,23,1,0,0,0,0,0,0,0:0:0:0:0:0:0:0:0:0:0:8:0:0:1:0:0:0:0:0:0:0:0:0:0:0:0:0:0:0:0:0:0:0:0:9:0:0:1:0:0:0:0:0:2:0:0:0:0:0:0:0:0:0:0:0:0:0:0:0:0:0:0:0:0:0
mtfs-sentinel-dataset-v1,1,952,1380005968,1397770528,211180004,1170000,1,511,0,1,normal,179,Release,record,natural,natural,0,none,0,0,0,0,0,179,9,16,9,0,9,0,29333,3259,10,17,10,0,10,0,94133,9413,2,0,2,0,2,0,2,1,0,0,0,0,0,0,0,23,1,0,0,0,0,0,0,0:0:0:0:0:0:0:0:0:0:0:8:0:0:1:0:0:0:0:0:0:0:0:0:0:0:0:0:0:0:0:0:0:0:0:9:0:0:1:0:0:0:0:0:2:0:0:0:0:0:0:0:0:0:0:0:0:0:0:0:0:0:0:0:0:0
mtfs-sentinel-dataset-v1,1,952,1380005968,1397770528,212350004,1170000,1,511,0,1,normal,180,Release,record,natural,natural,0,none,0,0,0,0,0,180,9,16,9,0,9,0,29333,3259,10,17,10,0,10,0,96159,9615,2,0,2,0,2,0,2,1,0,0,0,0,0,0,0,23,1,0,0,0,0,0,0,0:0:0:0:0:0:0:0:0:0:0:8:0:0:1:0:0:0:0:0:0:0:0:0:0:0:0:0:0:0:0:0:0:0:0:9:0:0:1:0:0:0:0:0:2:0:0:0:0:0:0:0:0:0:0:0:0:0:0:0:0:0:0:0:0:0
mtfs-sentinel-dataset-v1,1,952,1380005968,1397770528,213510004,1160000,1,511,0,1,normal,181,Release,record,natural,natural,0,none,0,0,0,0,0,181,9,16,9,0,9,0,29283,3253,10,17,10,0,10,0,91600,9160,2,0,2,0,2,0,1,0,0,0,0,0,0,0,0,23,1,0,0,0,0,0,0,0:0:0:0:0:0:0:0:0:0:0:8:0:0:1:0:0:0:0:0:0:0:0:0:0:0:0:0:0:0:0:0:0:0:0:9:0:0:1:0:0:0:0:0:2:0:0:0:0:0:0:0:0:0:0:0:0:0:0:0:0:0:0:0:0:0
mtfs-sentinel-dataset-v1,1,952,1380005968,1397770528,214670004,1160000,1,511,0,1,normal,182,Release,record,natural,natural,0,none,0,0,0,0,0,182,9,16,9,0,9,0,29228,3247,10,17,10,0,10,0,93167,9316,2,0,2,0,2,0,2,1,0,0,0,0,0,0,0,23,1,0,0,0,0,0,0,0:0:0:0:0:0:0:0:0:0:0:8:0:0:1:0:0:0:0:0:0:0:0:0:0:0:0:0:0:0:0:0:0:0:0:9:0:0:1:0:0:0:0:0:2:0:0:0:0:0:0:0:0:0:0:0:0:0:0:0:0:0:0:0:0:0
mtfs-sentinel-dataset-v1,1,952,1380005968,1397770528,215840004,1170000,1,511,0,1,normal,183,Release,record,natural,natural,0,none,0,0,0,0,0,183,9,16,9,0,9,0,29326,3258,10,17,10,0,10,0,94520,9452,2,0,2,0,2,0,2,1,0,0,0,0,0,0,0,23,1,0,0,0,0,0,0,0:0:0:0:0:0:0:0:0:0:0:8:0:0:1:0:0:0:0:0:0:0:0:0:0:0:0:0:0:0:0:0:0:0:0:9:0:0:1:0:0:0:0:0:2:0:0:0:0:0:0:0:0:0:0:0:0:0:0:0:0:0:0:0:0:0
mtfs-sentinel-dataset-v1,1,952,1380005968,1397770528,217000004,1160000,1,511,0,1,normal,184,Release,record,natural,natural,0,none,0,0,0,0,0,184,9,16,9,0,9,0,29230,3247,10,17,10,0,10,0,88777,8877,2,0,2,0,2,0,2,1,0,0,0,0,0,0,0,23,1,0,0,0,0,0,0,0:0:0:0:0:0:0:0:0:0:0:8:0:0:1:0:0:0:0:0:0:0:0:0:0:0:0:0:0:0:0:0:0:0:0:9:0:0:1:0:0:0:0:0:2:0:0:0:0:0:0:0:0:0:0:0:0:0:0:0:0:0:0:0:0:0
mtfs-sentinel-dataset-v1,1,952,1380005968,1397770528,218160004,1160000,1,511,0,1,normal,185,Release,record,natural,natural,0,none,0,0,0,0,0,185,9,16,9,0,9,0,29351,3261,10,17,10,0,10,0,92079,9207,2,0,2,0,2,0,2,1,0,0,0,0,0,0,0,23,1,0,0,0,0,0,0,0:0:0:0:0:0:0:0:0:0:0:8:0:0:1:0:0:0:0:0:0:0:0:0:0:0:0:0:0:0:0:0:0:0:0:9:0:0:1:0:0:0:0:0:2:0:0:0:0:0:0:0:0:0:0:0:0:0:0:0:0:0:0:0:0:0
mtfs-sentinel-dataset-v1,1,952,1380005968,1397770528,219320004,1160000,1,511,0,1,normal,186,Release,record,natural,natural,0,none,0,0,0,0,0,186,9,16,9,0,9,0,29178,3242,10,17,10,0,10,0,93240,9324,2,0,2,0,2,0,2,1,0,0,0,0,0,0,0,23,1,0,0,0,0,0,0,0:0:0:0:0:0:0:0:0:0:0:8:0:0:1:0:0:0:0:0:0:0:0:0:0:0:0:0:0:0:0:0:0:0:0:9:0:0:1:0:0:0:0:0:2:0:0:0:0:0:0:0:0:0:0:0:0:0:0:0:0:0:0:0:0:0
mtfs-sentinel-dataset-v1,1,952,1380005968,1397770528,220490004,1170000,1,511,0,1,normal,187,Release,record,natural,natural,0,none,0,0,0,0,0,187,9,16,9,0,9,0,29312,3256,10,17,10,0,10,0,94772,9477,2,0,2,0,2,0,2,1,0,0,0,0,0,0,0,23,1,0,0,0,0,0,0,0:0:0:0:0:0:0:0:0:0:0:8:0:0:1:0:0:0:0:0:0:0:0:0:0:0:0:0:0:0:0:0:0:0:0:9:0:0:1:0:0:0:0:0:2:0:0:0:0:0:0:0:0:0:0:0:0:0:0:0:0:0:0:0:0:0
mtfs-sentinel-dataset-v1,1,952,1380005968,1397770528,221650004,1160000,1,511,0,1,normal,188,Release,record,natural,natural,0,none,0,0,0,0,0,188,9,16,9,0,9,0,29361,3262,10,17,10,0,10,0,89153,8915,2,0,2,0,2,0,2,1,0,0,0,0,0,0,0,23,1,0,0,0,0,0,0,0:0:0:0:0:0:0:0:0:0:0:8:0:0:1:0:0:0:0:0:0:0:0:0:0:0:0:0:0:0:0:0:0:0:0:9:0:0:1:0:0:0:0:0:2:0:0:0:0:0:0:0:0:0:0:0:0:0:0:0:0:0:0:0:0:0
mtfs-sentinel-dataset-v1,1,952,1380005968,1397770528,222810004,1160000,1,511,0,1,normal,189,Release,record,natural,natural,0,none,0,0,0,0,0,189,9,16,9,0,9,0,29189,3243,10,17,10,0,10,0,92136,9213,2,0,2,0,2,0,1,0,0,0,0,0,0,0,0,23,1,0,0,0,0,0,0,0:0:0:0:0:0:0:0:0:0:0:8:0:0:1:0:0:0:0:0:0:0:0:0:0:0:0:0:0:0:0:0:0:0:0:9:0:0:1:0:0:0:0:0:2:0:0:0:0:0:0:0:0:0:0:0:0:0:0:0:0:0:0:0:0:0
mtfs-sentinel-dataset-v1,1,952,1380005968,1397770528,223970004,1160000,1,511,0,1,normal,190,Release,record,natural,natural,0,none,0,0,0,0,0,190,9,16,9,0,9,0,29037,3226,10,17,10,0,10,0,90002,9000,2,0,2,0,2,0,1,0,0,0,0,0,0,0,0,23,1,0,0,0,0,0,0,0:0:0:0:0:0:0:0:0:0:0:8:0:0:1:0:0:0:0:0:0:0:0:0:0:0:0:0:0:0:0:0:0:0:0:9:0:0:1:0:0:0:0:0:2:0:0:0:0:0:0:0:0:0:0:0:0:0:0:0:0:0:0:0:0:0
mtfs-sentinel-dataset-v1,1,952,1380005968,1397770528,225140004,1170000,1,511,0,1,normal,191,Release,record,natural,natural,0,none,0,0,0,0,0,191,9,16,9,0,9,0,29341,3260,10,17,10,0,10,0,94894,9489,2,0,2,0,2,0,2,1,0,0,0,0,0,0,0,23,1,0,0,0,0,0,0,0:0:0:0:0:0:0:0:0:0:0:8:0:0:1:0:0:0:0:0:0:0:0:0:0:0:0:0:0:0:0:0:0:0:0:9:0:0:1:0:0:0:0:0:2:0:0:0:0:0:0:0:0:0:0:0:0:0:0:0:0:0:0:0:0:0
mtfs-sentinel-dataset-v1,1,952,1380005968,1397770528,226300004,1160000,1,511,0,1,normal,192,Release,record,natural,natural,0,none,0,0,0,0,0,192,9,16,9,0,9,0,29217,3246,10,17,10,0,10,0,89100,8910,2,0,2,0,2,0,1,0,0,0,0,0,0,0,0,23,1,0,0,0,0,0,0,0:0:0:0:0:0:0:0:0:0:0:8:0:0:1:0:0:0:0:0:0:0:0:0:0:0:0:0:0:0:0:0:0:0:0:9:0:0:1:0:0:0:0:0:2:0:0:0:0:0:0:0:0:0:0:0:0:0:0:0:0:0:0:0:0:0
mtfs-sentinel-dataset-v1,1,952,1380005968,1397770528,227460004,1160000,1,511,0,1,normal,193,Release,record,natural,natural,0,none,0,0,0,0,0,193,9,16,9,0,9,0,29402,3266,10,17,10,0,10,0,92012,9201,2,0,2,0,2,0,1,0,0,0,0,0,0,0,0,23,1,0,0,0,0,0,0,0:0:0:0:0:0:0:0:0:0:0:8:0:0:1:0:0:0:0:0:0:0:0:0:0:0:0:0:0:0:0:0:0:0:0:9:0:0:1:0:0:0:0:0:2:0:0:0:0:0:0:0:0:0:0:0:0:0:0:0:0:0:0:0:0:0
mtfs-sentinel-dataset-v1,1,952,1380005968,1397770528,228620004,1160000,1,511,0,1,normal,194,Release,record,natural,natural,0,none,0,0,0,0,0,194,9,16,9,0,9,0,29165,3240,10,17,10,0,10,0,92981,9298,2,0,2,0,2,0,1,0,0,0,0,0,0,0,0,23,1,0,0,0,0,0,0,0:0:0:0:0:0:0:0:0:0:0:8:0:0:1:0:0:0:0:0:0:0:0:0:0:0:0:0:0:0:0:0:0:0:0:9:0:0:1:0:0:0:0:0:2:0:0:0:0:0:0:0:0:0:0:0:0:0:0:0:0:0:0:0:0:0
mtfs-sentinel-dataset-v1,1,952,1380005968,1397770528,229790004,1170000,1,511,0,1,normal,195,Release,record,natural,natural,0,none,0,0,0,0,0,195,9,16,9,0,9,0,29319,3257,10,17,10,0,10,0,101769,10176,2,0,2,0,2,0,2,1,0,0,0,0,0,0,0,23,1,0,0,0,0,0,0,0:0:0:0:0:0:0:0:0:0:0:8:0:0:1:0:0:0:0:0:0:0:0:0:0:0:0:0:0:0:0:0:0:0:0:9:0:0:1:0:0:0:0:0:2:0:0:0:0:0:0:0:0:0:0:0:0:0:0:0:0:0:0:0:0:0
mtfs-sentinel-dataset-v1,1,952,1380005968,1397770528,230950004,1160000,1,511,0,1,normal,196,Release,record,natural,natural,0,none,0,0,0,0,0,196,9,16,9,0,9,0,29317,3257,10,17,10,0,10,0,88554,8855,2,0,2,0,2,0,2,1,0,0,0,0,0,0,0,23,1,0,0,0,0,0,0,0:0:0:0:0:0:0:0:0:0:0:8:0:0:1:0:0:0:0:0:0:0:0:0:0:0:0:0:0:0:0:0:0:0:0:9:0:0:1:0:0:0:0:0:2:0:0:0:0:0:0:0:0:0:0:0:0:0:0:0:0:0:0:0:0:0
mtfs-sentinel-dataset-v1,1,952,1380005968,1397770528,232110004,1160000,1,511,0,1,normal,197,Release,record,natural,natural,0,none,0,0,0,0,0,197,9,16,9,0,9,0,29335,3259,10,17,10,0,10,0,91682,9168,2,0,2,0,2,0,1,0,0,0,0,0,0,0,0,23,1,0,0,0,0,0,0,0:0:0:0:0:0:0:0:0:0:0:8:0:0:1:0:0:0:0:0:0:0:0:0:0:0:0:0:0:0:0:0:0:0:0:9:0:0:1:0:0:0:0:0:2:0:0:0:0:0:0:0:0:0:0:0:0:0:0:0:0:0:0:0:0:0
mtfs-sentinel-dataset-v1,1,952,1380005968,1397770528,233270004,1160000,1,511,0,1,normal,198,Release,record,natural,natural,0,none,0,0,0,0,0,198,9,16,9,0,9,0,29193,3243,10,17,10,0,10,0,92937,9293,2,0,2,0,2,0,2,1,0,0,0,0,0,0,0,23,1,0,0,0,0,0,0,0:0:0:0:0:0:0:0:0:0:0:8:0:0:1:0:0:0:0:0:0:0:0:0:0:0:0:0:0:0:0:0:0:0:0:9:0:0:1:0:0:0:0:0:2:0:0:0:0:0:0:0:0:0:0:0:0:0:0:0:0:0:0:0:0:0
mtfs-sentinel-dataset-v1,1,952,1380005968,1397770528,234440004,1170000,1,511,0,1,normal,199,Release,record,natural,natural,0,none,0,0,0,0,0,199,9,16,9,0,9,0,29358,3262,10,17,10,0,10,0,94136,9413,2,0,2,0,2,0,1,0,0,0,0,0,0,0,0,23,1,0,0,0,0,0,0,0:0:0:0:0:0:0:0:0:0:0:8:0:0:1:0:0:0:0:0:0:0:0:0:0:0:0:0:0:0:0:0:0:0:0:9:0:0:1:0:0:0:0:0:2:0:0:0:0:0:0:0:0:0:0:0:0:0:0:0:0:0:0:0:0:0
mtfs-sentinel-dataset-v1,1,952,1380005968,1397770528,235600004,1160000,1,511,0,1,normal,200,Release,record,natural,natural,0,none,0,0,0,0,0,200,9,16,9,0,9,0,29268,3252,10,17,10,0,10,0,89057,8905,2,0,2,0,2,0,2,1,0,0,0,0,0,0,0,23,1,0,0,0,0,0,0,0:0:0:0:0:0:0:0:0:0:0:8:0:0:1:0:0:0:0:0:0:0:0:0:0:0:0:0:0:0:0:0:0:0:0:9:0:0:1:0:0:0:0:0:2:0:0:0:0:0:0:0:0:0:0:0:0:0:0:0:0:0:0:0:0:0
